target,spectator,load,distance,observed,predicted
rpc_microservice,cache_thrash,0.1,same_core,40345.59869261696,146.1609651544236
rpc_microservice,cache_thrash,0.1,same_llc,40345.59869261696,102.3126756080967
rpc_microservice,cache_thrash,0.1,same_numa,40345.59869261696,58.464386061769574
rpc_microservice,cache_thrash,0.1,cross_numa,40345.59869261696,29.232193030884673
rpc_microservice,cache_thrash,0.1,cross_socket,40345.59869261696,14.61609651544245
rpc_microservice,cache_thrash,0.3,same_core,40345.59869261696,546.2317093707929
rpc_microservice,cache_thrash,0.3,same_llc,40345.59869261696,382.36219655955483
rpc_microservice,cache_thrash,0.3,same_numa,40345.59869261696,218.49268374831718
rpc_microservice,cache_thrash,0.3,cross_numa,40345.59869261696,109.24634187415859
rpc_microservice,cache_thrash,0.3,cross_socket,40345.59869261696,54.623170937079294
rpc_microservice,cache_thrash,0.5,same_core,40345.59869261696,1008.3130948567859
rpc_microservice,cache_thrash,0.5,same_llc,40345.59869261696,705.8191663997504
rpc_microservice,cache_thrash,0.5,same_numa,40345.59869261696,403.32523794271447
rpc_microservice,cache_thrash,0.5,cross_numa,40345.59869261696,201.662618971357
rpc_microservice,cache_thrash,0.5,cross_socket,40345.59869261696,100.8313094856785
rpc_microservice,cache_thrash,0.7,same_core,40345.59869261696,1509.903007533584
rpc_microservice,cache_thrash,0.7,same_llc,40345.59869261696,1056.932105273509
rpc_microservice,cache_thrash,0.7,same_numa,40345.59869261696,603.9612030134335
rpc_microservice,cache_thrash,0.7,cross_numa,40345.59869261696,301.980601506717
rpc_microservice,cache_thrash,0.7,cross_socket,40345.59869261696,150.9903007533585
rpc_microservice,cache_thrash,0.9,same_core,40345.59869261696,2041.3732216868038
rpc_microservice,cache_thrash,0.9,same_llc,40345.59869261696,1428.9612551807631
rpc_microservice,cache_thrash,0.9,same_numa,40345.59869261696,816.549288674722
rpc_microservice,cache_thrash,0.9,cross_numa,40345.59869261696,408.2746443373612
rpc_microservice,cache_thrash,0.9,cross_socket,40345.59869261696,204.1373221686806
rpc_microservice,membw_saturator,0.1,same_core,37519.514240229604,117.37096822847843
rpc_microservice,membw_saturator,0.1,same_llc,37519.514240229604,82.15967775993454
rpc_microservice,membw_saturator,0.1,same_numa,37519.514240229604,46.9483872913911
rpc_microservice,membw_saturator,0.1,cross_numa,37519.514240229604,23.474193645695777
rpc_microservice,membw_saturator,0.1,cross_socket,37519.514240229604,11.737096822847661
rpc_microservice,membw_saturator,0.3,same_core,37519.514240229604,438.6379396045354
rpc_microservice,membw_saturator,0.3,same_llc,37519.514240229604,307.04655772317483
rpc_microservice,membw_saturator,0.3,same_numa,37519.514240229604,175.45517584181425
rpc_microservice,membw_saturator,0.3,cross_numa,37519.514240229604,87.72758792090713
rpc_microservice,membw_saturator,0.3,cross_socket,37519.514240229604,43.86379396045345
rpc_microservice,membw_saturator,0.5,same_core,37519.514240229604,809.7010312962657
rpc_microservice,membw_saturator,0.5,same_llc,37519.514240229604,566.7907219073859
rpc_microservice,membw_saturator,0.5,same_numa,37519.514240229604,323.88041251850655
rpc_microservice,membw_saturator,0.5,cross_numa,37519.514240229604,161.94020625925327
rpc_microservice,membw_saturator,0.5,cross_socket,37519.514240229604,80.97010312962675
rpc_microservice,membw_saturator,0.7,same_core,37519.514240229604,1212.4904740336842
rpc_microservice,membw_saturator,0.7,same_llc,37519.514240229604,848.7433318235794
rpc_microservice,membw_saturator,0.7,same_numa,37519.514240229604,484.9961896134737
rpc_microservice,membw_saturator,0.7,cross_numa,37519.514240229604,242.49809480673707
rpc_microservice,membw_saturator,0.7,cross_socket,37519.514240229604,121.24904740336842
rpc_microservice,membw_saturator,0.9,same_core,37519.514240229604,1639.2745579637176
rpc_microservice,membw_saturator,0.9,same_llc,37519.514240229604,1147.4921905746019
rpc_microservice,membw_saturator,0.9,same_numa,37519.514240229604,655.709823185487
rpc_microservice,membw_saturator,0.9,cross_numa,37519.514240229604,327.8549115927435
rpc_microservice,membw_saturator,0.9,cross_socket,37519.514240229604,163.92745579637153
rpc_microservice,tlb_stress,0.1,same_core,16378.961394077172,93.01030156329671
rpc_microservice,tlb_stress,0.1,same_llc,16378.961394077172,65.10721109430733
rpc_microservice,tlb_stress,0.1,same_numa,16378.961394077172,37.20412062531864
rpc_microservice,tlb_stress,0.1,cross_numa,16378.961394077172,18.602060312659432
rpc_microservice,tlb_stress,0.1,cross_socket,16378.961394077172,9.301030156329716
rpc_microservice,tlb_stress,0.3,same_core,16378.961394077172,347.5974310811039
rpc_microservice,tlb_stress,0.3,same_llc,16378.961394077172,243.31820175677285
rpc_microservice,tlb_stress,0.3,same_numa,16378.961394077172,139.03897243244182
rpc_microservice,tlb_stress,0.3,cross_numa,16378.961394077172,69.51948621622068
rpc_microservice,tlb_stress,0.3,cross_socket,16378.961394077172,34.75974310811057
rpc_microservice,tlb_stress,0.5,same_core,16378.961394077172,641.6453594416635
rpc_microservice,tlb_stress,0.5,same_llc,16378.961394077172,449.1517516091644
rpc_microservice,tlb_stress,0.5,same_numa,16378.961394077172,256.6581437766654
rpc_microservice,tlb_stress,0.5,cross_numa,16378.961394077172,128.32907188833246
rpc_microservice,tlb_stress,0.5,cross_socket,16378.961394077172,64.16453594416635
rpc_microservice,tlb_stress,0.7,same_core,16378.961394077172,960.8347475925025
rpc_microservice,tlb_stress,0.7,same_llc,16378.961394077172,672.5843233147516
rpc_microservice,tlb_stress,0.7,same_numa,16378.961394077172,384.3338990370012
rpc_microservice,tlb_stress,0.7,cross_numa,16378.961394077172,192.1669495185006
rpc_microservice,tlb_stress,0.7,cross_socket,16378.961394077172,96.0834747592503
rpc_microservice,tlb_stress,0.9,same_core,16378.961394077172,1299.0386232858118
rpc_microservice,tlb_stress,0.9,same_llc,16378.961394077172,909.3270363000684
rpc_microservice,tlb_stress,0.9,same_numa,16378.961394077172,519.6154493143249
rpc_microservice,tlb_stress,0.9,cross_numa,16378.961394077172,259.80772465716245
rpc_microservice,tlb_stress,0.9,cross_socket,16378.961394077172,129.903862328581
rpc_microservice,numa_remote,0.1,same_core,23179.166734642586,84.1850671919508
rpc_microservice,numa_remote,0.1,same_llc,23179.166734642586,58.92954703436567
rpc_microservice,numa_remote,0.1,same_numa,23179.166734642586,33.67402687678009
rpc_microservice,numa_remote,0.1,cross_numa,23179.166734642586,16.83701343839016
rpc_microservice,numa_remote,0.1,cross_socket,23179.166734642586,8.418506719194966
rpc_microservice,numa_remote,0.3,same_core,23179.166734642586,314.6158285638726
rpc_microservice,numa_remote,0.3,same_llc,23179.166734642586,220.23107999471085
rpc_microservice,numa_remote,0.3,same_numa,23179.166734642586,125.8463314255489
rpc_microservice,numa_remote,0.3,cross_numa,23179.166734642586,62.923165712774335
rpc_microservice,numa_remote,0.3,cross_socket,23179.166734642586,31.461582856387167
rpc_microservice,numa_remote,0.5,same_core,23179.166734642586,580.763171284199
rpc_microservice,numa_remote,0.5,same_llc,23179.166734642586,406.5342198989392
rpc_microservice,numa_remote,0.5,same_numa,23179.166734642586,232.3052685136795
rpc_microservice,numa_remote,0.5,cross_numa,23179.166734642586,116.15263425683975
rpc_microservice,numa_remote,0.5,cross_socket,23179.166734642586,58.07631712841999
rpc_microservice,numa_remote,0.7,same_core,23179.166734642586,869.666439382404
rpc_microservice,numa_remote,0.7,same_llc,23179.166734642586,608.7665075676828
rpc_microservice,numa_remote,0.7,same_numa,23179.166734642586,347.8665757529616
rpc_microservice,numa_remote,0.7,cross_numa,23179.166734642586,173.93328787648102
rpc_microservice,numa_remote,0.7,cross_socket,23179.166734642586,86.96664393824062
rpc_microservice,numa_remote,0.9,same_core,23179.166734642586,1175.7800152043628
rpc_microservice,numa_remote,0.9,same_llc,23179.166734642586,823.0460106430537
rpc_microservice,numa_remote,0.9,same_numa,23179.166734642586,470.31200608174504
rpc_microservice,numa_remote,0.9,cross_numa,23179.166734642586,235.15600304087252
rpc_microservice,numa_remote,0.9,cross_socket,23179.166734642586,117.57800152043637
rpc_microservice,prefetch_adversary,0.1,same_core,33356.370081993606,145.81002442854492
rpc_microservice,prefetch_adversary,0.1,same_llc,33356.370081993606,102.06701709998174
rpc_microservice,prefetch_adversary,0.1,same_numa,33356.370081993606,58.324009771418105
rpc_microservice,prefetch_adversary,0.1,cross_numa,33356.370081993606,29.16200488570894
rpc_microservice,prefetch_adversary,0.1,cross_socket,33356.370081993606,14.58100244285447
rpc_microservice,prefetch_adversary,0.3,same_core,33356.370081993606,544.9201762101989
rpc_microservice,prefetch_adversary,0.3,same_llc,33356.370081993606,381.4441233471389
rpc_microservice,prefetch_adversary,0.3,same_numa,33356.370081993606,217.9680704840796
rpc_microservice,prefetch_adversary,0.3,cross_numa,33356.370081993606,108.98403524203968
rpc_microservice,prefetch_adversary,0.3,cross_socket,33356.370081993606,54.49201762102007
rpc_microservice,prefetch_adversary,0.5,same_core,33356.370081993606,1005.8920782122395
rpc_microservice,prefetch_adversary,0.5,same_llc,33356.370081993606,704.1244547485676
rpc_microservice,prefetch_adversary,0.5,same_numa,33356.370081993606,402.35683128489563
rpc_microservice,prefetch_adversary,0.5,cross_numa,33356.370081993606,201.17841564244782
rpc_microservice,prefetch_adversary,0.5,cross_socket,33356.370081993606,100.58920782122414
rpc_microservice,prefetch_adversary,0.7,same_core,33356.370081993606,1506.2776452016492
rpc_microservice,prefetch_adversary,0.7,same_llc,33356.370081993606,1054.3943516411541
rpc_microservice,prefetch_adversary,0.7,same_numa,33356.370081993606,602.5110580806595
rpc_microservice,prefetch_adversary,0.7,cross_numa,33356.370081993606,301.25552904032975
rpc_microservice,prefetch_adversary,0.7,cross_socket,33356.370081993606,150.6277645201651
rpc_microservice,prefetch_adversary,0.9,same_core,33356.370081993606,2036.4717693773523
rpc_microservice,prefetch_adversary,0.9,same_llc,33356.370081993606,1425.5302385641467
rpc_microservice,prefetch_adversary,0.9,same_numa,33356.370081993606,814.588707750941
rpc_microservice,prefetch_adversary,0.9,cross_numa,33356.370081993606,407.29435387547073
rpc_microservice,prefetch_adversary,0.9,cross_socket,33356.370081993606,203.64717693773514
rpc_microservice,io_burst,0.1,same_core,11564.099422569636,77.10551695084632
rpc_microservice,io_burst,0.1,same_llc,11564.099422569636,53.97386186559197
rpc_microservice,io_burst,0.1,same_numa,11564.099422569636,30.8422067803383
rpc_microservice,io_burst,0.1,cross_numa,11564.099422569636,15.421103390169264
rpc_microservice,io_burst,0.1,cross_socket,11564.099422569636,7.710551695084405
rpc_microservice,io_burst,0.3,same_core,11564.099422569636,288.15818424215286
rpc_microservice,io_burst,0.3,same_llc,11564.099422569636,201.71072896950682
rpc_microservice,io_burst,0.3,same_numa,11564.099422569636,115.263273696861
rpc_microservice,io_burst,0.3,cross_numa,11564.099422569636,57.63163684843062
rpc_microservice,io_burst,0.3,cross_socket,11564.099422569636,28.815818424215195
rpc_microservice,io_burst,0.5,same_core,11564.099422569636,531.9238439969135
rpc_microservice,io_burst,0.5,same_llc,11564.099422569636,372.34669079784
rpc_microservice,io_burst,0.5,same_numa,11564.099422569636,212.7695375987655
rpc_microservice,io_burst,0.5,cross_numa,11564.099422569636,106.38476879938298
rpc_microservice,io_burst,0.5,cross_socket,11564.099422569636,53.19238439969149
rpc_microservice,io_burst,0.7,same_core,11564.099422569636,796.5317676885265
rpc_microservice,io_burst,0.7,same_llc,11564.099422569636,557.5722373819685
rpc_microservice,io_burst,0.7,same_numa,11564.099422569636,318.6127070754105
rpc_microservice,io_burst,0.7,cross_numa,11564.099422569636,159.30635353770526
rpc_microservice,io_burst,0.7,cross_socket,11564.099422569636,79.65317676885275
rpc_microservice,io_burst,0.9,same_core,11564.099422569636,1076.9026968416356
rpc_microservice,io_burst,0.9,same_llc,11564.099422569636,753.8318877891447
rpc_microservice,io_burst,0.9,same_numa,11564.099422569636,430.7610787366539
rpc_microservice,io_burst,0.9,cross_numa,11564.099422569636,215.38053936832694
rpc_microservice,io_burst,0.9,cross_socket,11564.099422569636,107.69026968416347
rpc_microservice,pagefault_heavy,0.1,same_core,13070.375262936726,90.98720160639436
rpc_microservice,pagefault_heavy,0.1,same_llc,13070.375262936726,63.69104112447599
rpc_microservice,pagefault_heavy,0.1,same_numa,13070.375262936726,36.39488064255761
rpc_microservice,pagefault_heavy,0.1,cross_numa,13070.375262936726,18.197440321279146
rpc_microservice,pagefault_heavy,0.1,cross_socket,13070.375262936726,9.098720160639232
rpc_microservice,pagefault_heavy,0.3,same_core,13070.375262936726,340.0367164503614
rpc_microservice,pagefault_heavy,0.3,same_llc,13070.375262936726,238.02570151525265
rpc_microservice,pagefault_heavy,0.3,same_numa,13070.375262936726,136.01468658014437
rpc_microservice,pagefault_heavy,0.3,cross_numa,13070.375262936726,68.00734329007241
rpc_microservice,pagefault_heavy,0.3,cross_socket,13070.375262936726,34.00367164503609
rpc_microservice,pagefault_heavy,0.5,same_core,13070.375262936726,627.6887043484703
rpc_microservice,pagefault_heavy,0.5,same_llc,13070.375262936726,439.3820930439292
rpc_microservice,pagefault_heavy,0.5,same_numa,13070.375262936726,251.07548173938812
rpc_microservice,pagefault_heavy,0.5,cross_numa,13070.375262936726,125.53774086969406
rpc_microservice,pagefault_heavy,0.5,cross_socket,13070.375262936726,62.76887043484703
rpc_microservice,pagefault_heavy,0.7,same_core,13070.375262936726,939.9352912551681
rpc_microservice,pagefault_heavy,0.7,same_llc,13070.375262936726,657.9547038786177
rpc_microservice,pagefault_heavy,0.7,same_numa,13070.375262936726,375.9741165020673
rpc_microservice,pagefault_heavy,0.7,cross_numa,13070.375262936726,187.98705825103366
rpc_microservice,pagefault_heavy,0.7,cross_socket,13070.375262936726,93.99352912551694
rpc_microservice,pagefault_heavy,0.9,same_core,13070.375262936726,1270.7827748624504
rpc_microservice,pagefault_heavy,0.9,same_llc,13070.375262936726,889.5479424037153
rpc_microservice,pagefault_heavy,0.9,same_numa,13070.375262936726,508.3131099449806
rpc_microservice,pagefault_heavy,0.9,cross_numa,13070.375262936726,254.15655497249008
rpc_microservice,pagefault_heavy,0.9,cross_socket,13070.375262936726,127.07827748624527
rpc_microservice,thermal_stress,0.1,same_core,25405.395768635208,76.79487137533101
rpc_microservice,thermal_stress,0.1,same_llc,25405.395768635208,53.756409962731595
rpc_microservice,thermal_stress,0.1,same_numa,25405.395768635208,30.717948550132405
rpc_microservice,thermal_stress,0.1,cross_numa,25405.395768635208,15.358974275066203
rpc_microservice,thermal_stress,0.1,cross_socket,25405.395768635208,7.679487137532988
rpc_microservice,thermal_stress,0.3,same_core,25405.395768635208,286.9972418281309
rpc_microservice,thermal_stress,0.3,same_llc,25405.395768635208,200.89806927969153
rpc_microservice,thermal_stress,0.3,same_numa,25405.395768635208,114.7988967312524
rpc_microservice,thermal_stress,0.3,cross_numa,25405.395768635208,57.399448365626085
rpc_microservice,thermal_stress,0.3,cross_socket,25405.395768635208,28.699724182813043
rpc_microservice,thermal_stress,0.5,same_core,25405.395768635208,529.7808094232137
rpc_microservice,thermal_stress,0.5,same_llc,25405.395768635208,370.84656659624943
rpc_microservice,thermal_stress,0.5,same_numa,25405.395768635208,211.9123237692852
rpc_microservice,thermal_stress,0.5,cross_numa,25405.395768635208,105.9561618846426
rpc_microservice,thermal_stress,0.5,cross_socket,25405.395768635208,52.97808094232141
rpc_microservice,thermal_stress,0.7,same_core,25405.395768635208,793.3226708667326
rpc_microservice,thermal_stress,0.7,same_llc,25405.395768635208,555.3258696067123
rpc_microservice,thermal_stress,0.7,same_numa,25405.395768635208,317.329068346693
rpc_microservice,thermal_stress,0.7,cross_numa,25405.395768635208,158.66453417334674
rpc_microservice,thermal_stress,0.7,cross_socket,25405.395768635208,79.33226708667326
rpc_microservice,thermal_stress,0.9,same_core,25405.395768635208,1072.5640311888583
rpc_microservice,thermal_stress,0.9,same_llc,25405.395768635208,750.7948218322008
rpc_microservice,thermal_stress,0.9,same_numa,25405.395768635208,429.0256124755433
rpc_microservice,thermal_stress,0.9,cross_numa,25405.395768635208,214.51280623777166
rpc_microservice,thermal_stress,0.9,cross_socket,25405.395768635208,107.25640311888583
rpc_microservice,mixed_cache_membw,0.1,same_core,51299.098877084165,152.404701376435
rpc_microservice,mixed_cache_membw,0.1,same_llc,51299.098877084165,106.68329096350476
rpc_microservice,mixed_cache_membw,0.1,same_numa,51299.098877084165,60.961880550573824
rpc_microservice,mixed_cache_membw,0.1,cross_numa,51299.098877084165,30.480940275286912
rpc_microservice,mixed_cache_membw,0.1,cross_socket,51299.098877084165,15.24047013764357
rpc_microservice,mixed_cache_membw,0.3,same_core,51299.098877084165,569.5657555424664
rpc_microservice,mixed_cache_membw,0.3,same_llc,51299.098877084165,398.6960288797263
rpc_microservice,mixed_cache_membw,0.3,same_numa,51299.098877084165,227.82630221698673
rpc_microservice,mixed_cache_membw,0.3,cross_numa,51299.098877084165,113.91315110849337
rpc_microservice,mixed_cache_membw,0.3,cross_socket,51299.098877084165,56.95657555424668
rpc_microservice,mixed_cache_membw,0.5,same_core,51299.098877084165,1051.3864351760312
rpc_microservice,mixed_cache_membw,0.5,same_llc,51299.098877084165,735.970504623222
rpc_microservice,mixed_cache_membw,0.5,same_numa,51299.098877084165,420.5545740704124
rpc_microservice,mixed_cache_membw,0.5,cross_numa,51299.098877084165,210.2772870352062
rpc_microservice,mixed_cache_membw,0.5,cross_socket,51299.098877084165,105.13864351760321
rpc_microservice,mixed_cache_membw,0.7,same_core,51299.098877084165,1574.403375945226
rpc_microservice,mixed_cache_membw,0.7,same_llc,51299.098877084165,1102.0823631616581
rpc_microservice,mixed_cache_membw,0.7,same_numa,51299.098877084165,629.7613503780904
rpc_microservice,mixed_cache_membw,0.7,cross_numa,51299.098877084165,314.8806751890452
rpc_microservice,mixed_cache_membw,0.7,cross_socket,51299.098877084165,157.44033759452236
rpc_microservice,mixed_cache_membw,0.9,same_core,51299.098877084165,2128.5770514742153
rpc_microservice,mixed_cache_membw,0.9,same_llc,51299.098877084165,1490.003936031951
rpc_microservice,mixed_cache_membw,0.9,same_numa,51299.098877084165,851.4308205896864
rpc_microservice,mixed_cache_membw,0.9,cross_numa,51299.098877084165,425.7154102948434
rpc_microservice,mixed_cache_membw,0.9,cross_socket,51299.098877084165,212.85770514742148
rpc_microservice,light_background,0.1,same_core,22020.395947265264,133.74390780447288
rpc_microservice,light_background,0.1,same_llc,22020.395947265264,93.62073546313104
rpc_microservice,light_background,0.1,same_numa,22020.395947265264,53.4975631217892
rpc_microservice,light_background,0.1,cross_numa,22020.395947265264,26.748781560894486
rpc_microservice,light_background,0.1,cross_socket,22020.395947265264,13.374390780447357
rpc_microservice,light_background,0.3,same_core,22020.395947265264,499.82677181135114
rpc_microservice,light_background,0.3,same_llc,22020.395947265264,349.8787402679459
rpc_microservice,light_background,0.3,same_numa,22020.395947265264,199.93070872454064
rpc_microservice,light_background,0.3,cross_numa,22020.395947265264,99.96535436227032
rpc_microservice,light_background,0.3,cross_socket,22020.395947265264,49.98267718113493
rpc_microservice,light_background,0.5,same_core,22020.395947265264,922.6521831878263
rpc_microservice,light_background,0.5,same_llc,22020.395947265264,645.8565282314785
rpc_microservice,light_background,0.5,same_numa,22020.395947265264,369.0608732751307
rpc_microservice,light_background,0.5,cross_numa,22020.395947265264,184.53043663756534
rpc_microservice,light_background,0.5,cross_socket,22020.395947265264,92.26521831878244
rpc_microservice,light_background,0.7,same_core,22020.395947265264,1381.629687652321
rpc_microservice,light_background,0.7,same_llc,22020.395947265264,967.1407813566248
rpc_microservice,light_background,0.7,same_numa,22020.395947265264,552.6518750609284
rpc_microservice,light_background,0.7,cross_numa,22020.395947265264,276.3259375304642
rpc_microservice,light_background,0.7,cross_socket,22020.395947265264,138.1629687652321
rpc_microservice,light_background,0.9,same_core,22020.395947265264,1867.949022280637
rpc_microservice,light_background,0.9,same_llc,22020.395947265264,1307.5643155964458
rpc_microservice,light_background,0.9,same_numa,22020.395947265264,747.1796089122549
rpc_microservice,light_background,0.9,cross_numa,22020.395947265264,373.5898044561277
rpc_microservice,light_background,0.9,cross_socket,22020.395947265264,186.79490222806385
inference_request,cache_thrash,0.1,same_core,5213983.9826692585,4459.366690296076
inference_request,cache_thrash,0.1,same_llc,5213983.9826692585,3121.556683207251
inference_request,cache_thrash,0.1,same_numa,5213983.9826692585,1783.746676118426
inference_request,cache_thrash,0.1,cross_numa,5213983.9826692585,891.8733380592239
inference_request,cache_thrash,0.1,cross_socket,5213983.9826692585,445.93666902960103
inference_request,cache_thrash,0.3,same_core,5213983.9826692585,16665.513171577986
inference_request,cache_thrash,0.3,same_llc,5213983.9826692585,11665.859220104598
inference_request,cache_thrash,0.3,same_numa,5213983.9826692585,6666.205268631209
inference_request,cache_thrash,0.3,cross_numa,5213983.9826692585,3333.1026343155972
inference_request,cache_thrash,0.3,cross_socket,5213983.9826692585,1666.551317157806
inference_request,cache_thrash,0.5,same_core,5213983.9826692585,30763.602469668083
inference_request,cache_thrash,0.5,same_llc,5213983.9826692585,21534.52172876765
inference_request,cache_thrash,0.5,same_numa,5213983.9826692585,12305.440987867245
inference_request,cache_thrash,0.5,cross_numa,5213983.9826692585,6152.7204939336225
inference_request,cache_thrash,0.5,cross_socket,5213983.9826692585,3076.3602469668112
inference_request,cache_thrash,0.7,same_core,5213983.9826692585,46067.09575473366
inference_request,cache_thrash,0.7,same_llc,5213983.9826692585,32246.967028313564
inference_request,cache_thrash,0.7,same_numa,5213983.9826692585,18426.83830189347
inference_request,cache_thrash,0.7,cross_numa,5213983.9826692585,9213.419150946735
inference_request,cache_thrash,0.7,cross_socket,5213983.9826692585,4606.709575473375
inference_request,cache_thrash,0.9,same_core,5213983.9826692585,62282.23614721389
inference_request,cache_thrash,0.9,same_llc,5213983.9826692585,43597.56530304972
inference_request,cache_thrash,0.9,same_numa,5213983.9826692585,24912.894458885567
inference_request,cache_thrash,0.9,cross_numa,5213983.9826692585,12456.447229442783
inference_request,cache_thrash,0.9,cross_socket,5213983.9826692585,6228.223614721384
inference_request,membw_saturator,0.1,same_core,7449784.891945751,5124.846900329474
inference_request,membw_saturator,0.1,same_llc,7449784.891945751,3587.3928302306304
inference_request,membw_saturator,0.1,same_numa,7449784.891945751,2049.9387601317794
inference_request,membw_saturator,0.1,cross_numa,7449784.891945751,1024.9693800659006
inference_request,membw_saturator,0.1,cross_socket,7449784.891945751,512.4846900329503
inference_request,membw_saturator,0.3,same_core,7449784.891945751,19152.541033599307
inference_request,membw_saturator,0.3,same_llc,7449784.891945751,13406.778723519514
inference_request,membw_saturator,0.3,same_numa,7449784.891945751,7661.016413439735
inference_request,membw_saturator,0.3,cross_numa,7449784.891945751,3830.5082067198673
inference_request,membw_saturator,0.3,cross_socket,7449784.891945751,1915.2541033599337
inference_request,membw_saturator,0.5,same_core,7449784.891945751,35354.51639416069
inference_request,membw_saturator,0.5,same_llc,7449784.891945751,24748.16147591248
inference_request,membw_saturator,0.5,same_numa,7449784.891945751,14141.80655766427
inference_request,membw_saturator,0.5,cross_numa,7449784.891945751,7070.903278832149
inference_request,membw_saturator,0.5,cross_socket,7449784.891945751,3535.4516394160746
inference_request,membw_saturator,0.7,same_core,7449784.891945751,52941.78058951085
inference_request,membw_saturator,0.7,same_llc,7449784.891945751,37059.246412657594
inference_request,membw_saturator,0.7,same_numa,7449784.891945751,21176.712235804327
inference_request,membw_saturator,0.7,cross_numa,7449784.891945751,10588.356117902164
inference_request,membw_saturator,0.7,cross_socket,7449784.891945751,5294.178058951089
inference_request,membw_saturator,0.9,same_core,7449784.891945751,71576.73881343128
inference_request,membw_saturator,0.9,same_llc,7449784.891945751,50103.717169401876
inference_request,membw_saturator,0.9,same_numa,7449784.891945751,28630.695525372503
inference_request,membw_saturator,0.9,cross_numa,7449784.891945751,14315.347762686259
inference_request,membw_saturator,0.9,cross_socket,7449784.891945751,7157.673881343129
inference_request,tlb_stress,0.1,same_core,1708649.1448832927,3036.074489734703
inference_request,tlb_stress,0.1,same_llc,1708649.1448832927,2125.252142814301
inference_request,tlb_stress,0.1,same_numa,1708649.1448832927,1214.4297958938841
inference_request,tlb_stress,0.1,cross_numa,1708649.1448832927,607.2148979469421
inference_request,tlb_stress,0.1,cross_socket,1708649.1448832927,303.6074489734747
inference_request,tlb_stress,0.3,same_core,1708649.1448832927,11346.395780519757
inference_request,tlb_stress,0.3,same_llc,1708649.1448832927,7942.4770463638415
inference_request,tlb_stress,0.3,same_numa,1708649.1448832927,4538.558312207904
inference_request,tlb_stress,0.3,cross_numa,1708649.1448832927,2269.2791561039558
inference_request,tlb_stress,0.3,cross_socket,1708649.1448832927,1134.6395780519815
inference_request,tlb_stress,0.5,same_core,1708649.1448832927,20944.8101394635
inference_request,tlb_stress,0.5,same_llc,1708649.1448832927,14661.367097624447
inference_request,tlb_stress,0.5,same_numa,1708649.1448832927,8377.924055785392
inference_request,tlb_stress,0.5,cross_numa,1708649.1448832927,4188.962027892696
inference_request,tlb_stress,0.5,cross_socket,1708649.1448832927,2094.481013946359
inference_request,tlb_stress,0.7,same_core,1708649.1448832927,31363.900739866513
inference_request,tlb_stress,0.7,same_llc,1708649.1448832927,21954.73051790656
inference_request,tlb_stress,0.7,same_numa,1708649.1448832927,12545.560295946605
inference_request,tlb_stress,0.7,cross_numa,1708649.1448832927,6272.7801479733025
inference_request,tlb_stress,0.7,cross_socket,1708649.1448832927,3136.390073986644
inference_request,tlb_stress,0.9,same_core,1708649.1448832927,42403.66883074927
inference_request,tlb_stress,0.9,same_llc,1708649.1448832927,29682.568181524504
inference_request,tlb_stress,0.9,same_numa,1708649.1448832927,16961.46753229972
inference_request,tlb_stress,0.9,cross_numa,1708649.1448832927,8480.733766149846
inference_request,tlb_stress,0.9,cross_socket,1708649.1448832927,4240.36688307493
inference_request,numa_remote,0.1,same_core,2264480.1187389237,3801.6868066418174
inference_request,numa_remote,0.1,same_llc,2264480.1187389237,2661.1807646492816
inference_request,numa_remote,0.1,same_numa,2264480.1187389237,1520.674722656724
inference_request,numa_remote,0.1,cross_numa,2264480.1187389237,760.3373613283693
inference_request,numa_remote,0.1,cross_socket,2264480.1187389237,380.168680664181
inference_request,numa_remote,0.3,same_core,2264480.1187389237,14207.636633285481
inference_request,numa_remote,0.3,same_llc,2264480.1187389237,9945.345643299836
inference_request,numa_remote,0.3,same_numa,2264480.1187389237,5683.054653314204
inference_request,numa_remote,0.3,cross_numa,2264480.1187389237,2841.527326657095
inference_request,numa_remote,0.3,cross_socket,2264480.1187389237,1420.763663328551
inference_request,numa_remote,0.5,same_core,2264480.1187389237,26226.50025354742
inference_request,numa_remote,0.5,same_llc,2264480.1187389237,18358.550177483194
inference_request,numa_remote,0.5,same_numa,2264480.1187389237,10490.600101418968
inference_request,numa_remote,0.5,cross_numa,2264480.1187389237,5245.300050709484
inference_request,numa_remote,0.5,cross_socket,2264480.1187389237,2622.650025354742
inference_request,numa_remote,0.7,same_core,2264480.1187389237,39272.991506210645
inference_request,numa_remote,0.7,same_llc,2264480.1187389237,27491.094054347457
inference_request,numa_remote,0.7,same_numa,2264480.1187389237,15709.19660248427
inference_request,numa_remote,0.7,cross_numa,2264480.1187389237,7854.598301242135
inference_request,numa_remote,0.7,cross_socket,2264480.1187389237,3927.2991506210674
inference_request,numa_remote,0.9,same_core,2264480.1187389237,53096.67759869572
inference_request,numa_remote,0.9,same_llc,2264480.1187389237,37167.674319087004
inference_request,numa_remote,0.9,same_numa,2264480.1187389237,21238.671039478286
inference_request,numa_remote,0.9,cross_numa,2264480.1187389237,10619.33551973915
inference_request,numa_remote,0.9,cross_socket,2264480.1187389237,5309.667759869568
inference_request,prefetch_adversary,0.1,same_core,5003676.241395238,4652.442364794486
inference_request,prefetch_adversary,0.1,same_llc,5003676.241395238,3256.7096553561423
inference_request,prefetch_adversary,0.1,same_numa,5003676.241395238,1860.9769459177915
inference_request,prefetch_adversary,0.1,cross_numa,5003676.241395238,930.488472958903
inference_request,prefetch_adversary,0.1,cross_socket,5003676.241395238,465.24423647944786
inference_request,prefetch_adversary,0.3,same_core,5003676.241395238,17387.07419580745
inference_request,prefetch_adversary,0.3,same_llc,5003676.241395238,12170.951937065212
inference_request,prefetch_adversary,0.3,same_numa,5003676.241395238,6954.829678322989
inference_request,prefetch_adversary,0.3,cross_numa,5003676.241395238,3477.414839161487
inference_request,prefetch_adversary,0.3,cross_socket,5003676.241395238,1738.7074195807436
inference_request,prefetch_adversary,0.5,same_core,5003676.241395238,32095.56364472858
inference_request,prefetch_adversary,0.5,same_llc,5003676.241395238,22466.894551310004
inference_request,prefetch_adversary,0.5,same_numa,5003676.241395238,12838.225457891429
inference_request,prefetch_adversary,0.5,cross_numa,5003676.241395238,6419.112728945707
inference_request,prefetch_adversary,0.5,cross_socket,5003676.241395238,3209.556364472861
inference_request,prefetch_adversary,0.7,same_core,5003676.241395238,48061.6470448044
inference_request,prefetch_adversary,0.7,same_llc,5003676.241395238,33643.15293136309
inference_request,prefetch_adversary,0.7,same_numa,5003676.241395238,19224.658817921765
inference_request,prefetch_adversary,0.7,cross_numa,5003676.241395238,9612.329408960883
inference_request,prefetch_adversary,0.7,cross_socket,5003676.241395238,4806.164704480427
inference_request,prefetch_adversary,0.9,same_core,5003676.241395238,64978.84882532376
inference_request,prefetch_adversary,0.9,same_llc,5003676.241395238,45485.19417772662
inference_request,prefetch_adversary,0.9,same_numa,5003676.241395238,25991.539530129507
inference_request,prefetch_adversary,0.9,cross_numa,5003676.241395238,12995.769765064746
inference_request,prefetch_adversary,0.9,cross_socket,5003676.241395238,6497.884882532366
inference_request,io_burst,0.1,same_core,1267815.728079976,2332.0692882944495
inference_request,io_burst,0.1,same_llc,1267815.728079976,1632.4485018061168
inference_request,io_burst,0.1,same_numa,1267815.728079976,932.8277153177696
inference_request,io_burst,0.1,cross_numa,1267815.728079976,466.4138576588957
inference_request,io_burst,0.1,cross_socket,1267815.728079976,233.20692882943695
inference_request,io_burst,0.3,same_core,1267815.728079976,8715.392597266604
inference_request,io_burst,0.3,same_llc,1267815.728079976,6100.774818086618
inference_request,io_burst,0.3,same_numa,1267815.728079976,3486.157038906633
inference_request,io_burst,0.3,cross_numa,1267815.728079976,1743.0785194533237
inference_request,io_burst,0.3,cross_socket,1267815.728079976,871.5392597266618
inference_request,io_burst,0.5,same_core,1267815.728079976,16088.125848212978
inference_request,io_burst,0.5,same_llc,1267815.728079976,11261.688093749079
inference_request,io_burst,0.5,same_numa,1267815.728079976,6435.250339285194
inference_request,io_burst,0.5,cross_numa,1267815.728079976,3217.6251696425898
inference_request,io_burst,0.5,cross_socket,1267815.728079976,1608.8125848212949
inference_request,io_burst,0.7,same_core,1267815.728079976,24091.236866506966
inference_request,io_burst,0.7,same_llc,1267815.728079976,16863.86580655488
inference_request,io_burst,0.7,same_numa,1267815.728079976,9636.494746602795
inference_request,io_burst,0.7,cross_numa,1267815.728079976,4818.24737330139
inference_request,io_burst,0.7,cross_socket,1267815.728079976,2409.123686650695
inference_request,io_burst,0.9,same_core,1267815.728079976,32571.102627933127
inference_request,io_burst,0.9,same_llc,1267815.728079976,22799.771839553185
inference_request,io_burst,0.9,same_numa,1267815.728079976,13028.441051173242
inference_request,io_burst,0.9,cross_numa,1267815.728079976,6514.220525586628
inference_request,io_burst,0.9,cross_socket,1267815.728079976,3257.1102627933215
inference_request,pagefault_heavy,0.1,same_core,1629016.193449786,2763.3771985862404
inference_request,pagefault_heavy,0.1,same_llc,1629016.193449786,1934.364039010361
inference_request,pagefault_heavy,0.1,same_numa,1629016.193449786,1105.3508794344962
inference_request,pagefault_heavy,0.1,cross_numa,1629016.193449786,552.6754397172408
inference_request,pagefault_heavy,0.1,cross_socket,1629016.193449786,276.33771985862404
inference_request,pagefault_heavy,0.3,same_core,1629016.193449786,10327.273422320795
inference_request,pagefault_heavy,0.3,same_llc,1629016.193449786,7229.091395624564
inference_request,pagefault_heavy,0.3,same_numa,1629016.193449786,4130.909368928325
inference_request,pagefault_heavy,0.3,cross_numa,1629016.193449786,2065.454684464159
inference_request,pagefault_heavy,0.3,cross_socket,1629016.193449786,1032.7273422320723
inference_request,pagefault_heavy,0.5,same_core,1629016.193449786,19063.567433475153
inference_request,pagefault_heavy,0.5,same_llc,1629016.193449786,13344.49720343262
inference_request,pagefault_heavy,0.5,same_numa,1629016.193449786,7625.426973390073
inference_request,pagefault_heavy,0.5,cross_numa,1629016.193449786,3812.713486695029
inference_request,pagefault_heavy,0.5,cross_socket,1629016.193449786,1906.356743347511
inference_request,pagefault_heavy,0.7,same_core,1629016.193449786,28546.825335251386
inference_request,pagefault_heavy,0.7,same_llc,1629016.193449786,19982.77773467597
inference_request,pagefault_heavy,0.7,same_numa,1629016.193449786,11418.730134100551
inference_request,pagefault_heavy,0.7,cross_numa,1629016.193449786,5709.365067050268
inference_request,pagefault_heavy,0.7,cross_socket,1629016.193449786,2854.682533525134
inference_request,pagefault_heavy,0.9,same_core,1629016.193449786,38595.01207216215
inference_request,pagefault_heavy,0.9,same_llc,1629016.193449786,27016.508450513502
inference_request,pagefault_heavy,0.9,same_numa,1629016.193449786,15438.004828864854
inference_request,pagefault_heavy,0.9,cross_numa,1629016.193449786,7719.002414432427
inference_request,pagefault_heavy,0.9,cross_socket,1629016.193449786,3859.501207216221
inference_request,thermal_stress,0.1,same_core,1371531.9227308126,3246.568238360982
inference_request,thermal_stress,0.1,same_llc,1371531.9227308126,2272.5977668526903
inference_request,thermal_stress,0.1,same_numa,1371531.9227308126,1298.6272953443986
inference_request,thermal_stress,0.1,cross_numa,1371531.9227308126,649.3136476721993
inference_request,thermal_stress,0.1,cross_socket,1371531.9227308126,324.65682383609237
inference_request,thermal_stress,0.3,same_core,1371531.9227308126,12133.051506297983
inference_request,thermal_stress,0.3,same_llc,1371531.9227308126,8493.136054408591
inference_request,thermal_stress,0.3,same_numa,1371531.9227308126,4853.220602519199
inference_request,thermal_stress,0.3,cross_numa,1371531.9227308126,2426.6103012595995
inference_request,thermal_stress,0.3,cross_socket,1371531.9227308126,1213.3051506297925
inference_request,thermal_stress,0.5,same_core,1371531.9227308126,22396.932482122676
inference_request,thermal_stress,0.5,same_llc,1371531.9227308126,15677.852737485868
inference_request,thermal_stress,0.5,same_numa,1371531.9227308126,8958.772992849059
inference_request,thermal_stress,0.5,cross_numa,1371531.9227308126,4479.3864964245295
inference_request,thermal_stress,0.5,cross_socket,1371531.9227308126,2239.693248212272
inference_request,thermal_stress,0.7,same_core,1371531.9227308126,33538.38791420913
inference_request,thermal_stress,0.7,same_llc,1371531.9227308126,23476.871539946384
inference_request,thermal_stress,0.7,same_numa,1371531.9227308126,13415.35516568365
inference_request,thermal_stress,0.7,cross_numa,1371531.9227308126,6707.677582841818
inference_request,thermal_stress,0.7,cross_socket,1371531.9227308126,3353.838791420909
inference_request,thermal_stress,0.9,same_core,1371531.9227308126,45343.55296003213
inference_request,thermal_stress,0.9,same_llc,1371531.9227308126,31740.4870720225
inference_request,thermal_stress,0.9,same_numa,1371531.9227308126,18137.421184012856
inference_request,thermal_stress,0.9,cross_numa,1371531.9227308126,9068.710592006435
inference_request,thermal_stress,0.9,cross_socket,1371531.9227308126,4534.35529600321
inference_request,mixed_cache_membw,0.1,same_core,7470579.80738567,5527.607852600675
inference_request,mixed_cache_membw,0.1,same_llc,7470579.80738567,3869.3254968204565
inference_request,mixed_cache_membw,0.1,same_numa,7470579.80738567,2211.043141040267
inference_request,mixed_cache_membw,0.1,cross_numa,7470579.80738567,1105.5215705201408
inference_request,mixed_cache_membw,0.1,cross_socket,7470579.80738567,552.7607852600704
inference_request,mixed_cache_membw,0.3,same_core,7470579.80738567,20657.736372139014
inference_request,mixed_cache_membw,0.3,same_llc,7470579.80738567,14460.415460497316
inference_request,mixed_cache_membw,0.3,same_numa,7470579.80738567,8263.094548855603
inference_request,mixed_cache_membw,0.3,cross_numa,7470579.80738567,4131.547274427794
inference_request,mixed_cache_membw,0.3,cross_socket,7470579.80738567,2065.7736372139043
inference_request,mixed_cache_membw,0.5,same_core,7470579.80738567,38133.02255579534
inference_request,mixed_cache_membw,0.5,same_llc,7470579.80738567,26693.115789056726
inference_request,mixed_cache_membw,0.5,same_numa,7470579.80738567,15253.20902231813
inference_request,mixed_cache_membw,0.5,cross_numa,7470579.80738567,7626.604511159065
inference_request,mixed_cache_membw,0.5,cross_socket,7470579.80738567,3813.3022555795396
inference_request,mixed_cache_membw,0.7,same_core,7470579.80738567,57102.46721681148
inference_request,mixed_cache_membw,0.7,same_llc,7470579.80738567,39971.727051768044
inference_request,mixed_cache_membw,0.7,same_numa,7470579.80738567,22840.986886724597
inference_request,mixed_cache_membw,0.7,cross_numa,7470579.80738567,11420.493443362298
inference_request,mixed_cache_membw,0.7,cross_socket,7470579.80738567,5710.246721681149
inference_request,mixed_cache_membw,0.9,same_core,7470579.80738567,77201.94402358316
inference_request,mixed_cache_membw,0.9,same_llc,7470579.80738567,54041.3608165082
inference_request,mixed_cache_membw,0.9,same_numa,7470579.80738567,30880.777609433266
inference_request,mixed_cache_membw,0.9,cross_numa,7470579.80738567,15440.38880471664
inference_request,mixed_cache_membw,0.9,cross_socket,7470579.80738567,7720.19440235832
inference_request,light_background,0.1,same_core,1166986.308121244,4411.436751613619
inference_request,light_background,0.1,same_llc,1166986.308121244,3088.005726129537
inference_request,light_background,0.1,same_numa,1166986.308121244,1764.5747006454549
inference_request,light_background,0.1,cross_numa,1166986.308121244,882.2873503227238
inference_request,light_background,0.1,cross_socket,1166986.308121244,441.14367516135826
inference_request,light_background,0.3,same_core,1166986.308121244,16486.389748926187
inference_request,light_background,0.3,same_llc,1166986.308121244,11540.472824248325
inference_request,light_background,0.3,same_numa,1166986.308121244,6594.555899570478
inference_request,light_background,0.3,cross_numa,1166986.308121244,3297.277949785239
inference_request,light_background,0.3,cross_socket,1166986.308121244,1648.638974892623
inference_request,light_background,0.5,same_core,1166986.308121244,30432.950679307134
inference_request,light_background,0.5,same_llc,1166986.308121244,21303.065475515003
inference_request,light_background,0.5,same_numa,1166986.308121244,12173.180271722857
inference_request,light_background,0.5,cross_numa,1166986.308121244,6086.590135861421
inference_request,light_background,0.5,cross_socket,1166986.308121244,3043.2950679307105
inference_request,light_background,0.7,same_core,1166986.308121244,45571.959734722666
inference_request,light_background,0.7,same_llc,1166986.308121244,31900.37181430588
inference_request,light_background,0.7,same_numa,1166986.308121244,18228.783893889064
inference_request,light_background,0.7,cross_numa,1166986.308121244,9114.391946944525
inference_request,light_background,0.7,cross_socket,1166986.308121244,4557.195973472262
inference_request,light_background,0.9,same_core,1166986.308121244,61612.8173783924
inference_request,light_background,0.9,same_llc,1166986.308121244,43128.97216487468
inference_request,light_background,0.9,same_numa,1166986.308121244,24645.126951356957
inference_request,light_background,0.9,cross_numa,1166986.308121244,12322.563475678486
inference_request,light_background,0.9,cross_socket,1166986.308121244,6161.281737839236
realtime_control,cache_thrash,0.1,same_core,5299.548730696855,24.254338434514068
realtime_control,cache_thrash,0.1,same_llc,5299.548730696855,16.978036904159865
realtime_control,cache_thrash,0.1,same_numa,5299.548730696855,9.701735373805661
realtime_control,cache_thrash,0.1,cross_numa,5299.548730696855,4.850867686902859
realtime_control,cache_thrash,0.1,cross_socket,5299.548730696855,2.4254338434513443
realtime_control,cache_thrash,0.3,same_core,5299.548730696855,90.6431394233399
realtime_control,cache_thrash,0.3,same_llc,5299.548730696855,63.450197596337944
realtime_control,cache_thrash,0.3,same_numa,5299.548730696855,36.257255769335984
realtime_control,cache_thrash,0.3,cross_numa,5299.548730696855,18.128627884667992
realtime_control,cache_thrash,0.3,cross_socket,5299.548730696855,9.064313942333968
realtime_control,cache_thrash,0.5,same_core,5299.548730696855,167.3221507860893
realtime_control,cache_thrash,0.5,same_llc,5299.548730696855,117.12550555026257
realtime_control,cache_thrash,0.5,same_numa,5299.548730696855,66.92886031443578
realtime_control,cache_thrash,0.5,cross_numa,5299.548730696855,33.46443015721786
realtime_control,cache_thrash,0.5,cross_socket,5299.548730696855,16.732215078608874
realtime_control,cache_thrash,0.7,same_core,5299.548730696855,250.55731199720992
realtime_control,cache_thrash,0.7,same_llc,5299.548730696855,175.39011839804687
realtime_control,cache_thrash,0.7,same_numa,5299.548730696855,100.22292479888392
realtime_control,cache_thrash,0.7,cross_numa,5299.548730696855,50.11146239944196
realtime_control,cache_thrash,0.7,cross_socket,5299.548730696855,25.05573119972098
realtime_control,cache_thrash,0.9,same_core,5299.548730696855,338.75088973061315
realtime_control,cache_thrash,0.9,same_llc,5299.548730696855,237.12562281142903
realtime_control,cache_thrash,0.9,same_numa,5299.548730696855,135.50035589224524
realtime_control,cache_thrash,0.9,cross_numa,5299.548730696855,67.75017794612262
realtime_control,cache_thrash,0.9,cross_socket,5299.548730696855,33.87508897306134
realtime_control,membw_saturator,0.1,same_core,5467.269140384569,22.573350949981204
realtime_control,membw_saturator,0.1,same_llc,5467.269140384569,15.801345664986854
realtime_control,membw_saturator,0.1,same_numa,5467.269140384569,9.029340379992504
realtime_control,membw_saturator,0.1,cross_numa,5467.269140384569,4.514670189996195
realtime_control,membw_saturator,0.1,cross_socket,5467.269140384569,2.2573350949981545
realtime_control,membw_saturator,0.3,same_core,5467.269140384569,84.36096506757292
realtime_control,membw_saturator,0.3,same_llc,5467.269140384569,59.05267554730102
realtime_control,membw_saturator,0.3,same_numa,5467.269140384569,33.74438602702918
realtime_control,membw_saturator,0.3,cross_numa,5467.269140384569,16.872193013514618
realtime_control,membw_saturator,0.3,cross_socket,5467.269140384569,8.436096506757337
realtime_control,membw_saturator,0.5,same_core,5467.269140384569,155.7256093213141
realtime_control,membw_saturator,0.5,same_llc,5467.269140384569,109.00792652491987
realtime_control,membw_saturator,0.5,same_numa,5467.269140384569,62.290243728525695
realtime_control,membw_saturator,0.5,cross_numa,5467.269140384569,31.145121864262876
realtime_control,membw_saturator,0.5,cross_socket,5467.269140384569,15.572560932131353
realtime_control,membw_saturator,0.7,same_core,5467.269140384569,233.1920184946605
realtime_control,membw_saturator,0.7,same_llc,5467.269140384569,163.2344129462624
realtime_control,membw_saturator,0.7,same_numa,5467.269140384569,93.27680739786422
realtime_control,membw_saturator,0.7,cross_numa,5467.269140384569,46.63840369893211
realtime_control,membw_saturator,0.7,cross_socket,5467.269140384569,23.319201849466026
realtime_control,membw_saturator,0.9,same_core,5467.269140384569,315.27319284149837
realtime_control,membw_saturator,0.9,same_llc,5467.269140384569,220.6912349890489
realtime_control,membw_saturator,0.9,same_numa,5467.269140384569,126.10927713659942
realtime_control,membw_saturator,0.9,cross_numa,5467.269140384569,63.05463856829971
realtime_control,membw_saturator,0.9,cross_socket,5467.269140384569,31.527319284149883
realtime_control,tlb_stress,0.1,same_core,2245.097934734313,21.625623235325577
realtime_control,tlb_stress,0.1,same_llc,2245.097934734313,15.137936264727898
realtime_control,tlb_stress,0.1,same_numa,2245.097934734313,8.65024929413022
realtime_control,tlb_stress,0.1,cross_numa,2245.097934734313,4.325124647065138
realtime_control,tlb_stress,0.1,cross_socket,2245.097934734313,2.1625623235325406
realtime_control,tlb_stress,0.3,same_core,2245.097934734313,80.81912385813985
realtime_control,tlb_stress,0.3,same_llc,2245.097934734313,56.57338670069788
realtime_control,tlb_stress,0.3,same_numa,2245.097934734313,32.327649543255916
realtime_control,tlb_stress,0.3,cross_numa,2245.097934734313,16.163824771628015
realtime_control,tlb_stress,0.3,cross_socket,2245.097934734313,8.08191238581395
realtime_control,tlb_stress,0.5,same_core,2245.097934734313,149.18756912681772
realtime_control,tlb_stress,0.5,same_llc,2245.097934734313,104.43129838877235
realtime_control,tlb_stress,0.5,same_numa,2245.097934734313,59.67502765072709
realtime_control,tlb_stress,0.5,cross_numa,2245.097934734313,29.837513825363544
realtime_control,tlb_stress,0.5,cross_socket,2245.097934734313,14.918756912681772
realtime_control,tlb_stress,0.7,same_core,2245.097934734313,223.40160061414326
realtime_control,tlb_stress,0.7,same_llc,2245.097934734313,156.3811204299002
realtime_control,tlb_stress,0.7,same_numa,2245.097934734313,89.36064024565724
realtime_control,tlb_stress,0.7,cross_numa,2245.097934734313,44.68032012282862
realtime_control,tlb_stress,0.7,cross_socket,2245.097934734313,22.340160061414338
realtime_control,tlb_stress,0.9,same_core,2245.097934734313,302.03664930811044
realtime_control,tlb_stress,0.9,same_llc,2245.097934734313,211.42565451567725
realtime_control,tlb_stress,0.9,same_numa,2245.097934734313,120.81465972324418
realtime_control,tlb_stress,0.9,cross_numa,2245.097934734313,60.40732986162209
realtime_control,tlb_stress,0.9,cross_socket,2245.097934734313,30.2036649308111
realtime_control,numa_remote,0.1,same_core,2947.845249643705,18.077848545097652
realtime_control,numa_remote,0.1,same_llc,2947.845249643705,12.654493981568407
realtime_control,numa_remote,0.1,same_numa,2947.845249643705,7.231139418039049
realtime_control,numa_remote,0.1,cross_numa,2947.845249643705,3.6155697090194963
realtime_control,numa_remote,0.1,cross_socket,2947.845249643705,1.8077848545097481
realtime_control,numa_remote,0.3,same_core,2947.845249643705,67.56040576293452
realtime_control,numa_remote,0.3,same_llc,2947.845249643705,47.292284034054205
realtime_control,numa_remote,0.3,same_numa,2947.845249643705,27.024162305173775
realtime_control,numa_remote,0.3,cross_numa,2947.845249643705,13.512081152586973
realtime_control,numa_remote,0.3,cross_socket,2947.845249643705,6.756040576293458
realtime_control,numa_remote,0.5,same_core,2947.845249643705,124.7127192653735
realtime_control,numa_remote,0.5,same_llc,2947.845249643705,87.29890348576146
realtime_control,numa_remote,0.5,same_numa,2947.845249643705,49.88508770614936
realtime_control,numa_remote,0.5,cross_numa,2947.845249643705,24.94254385307471
realtime_control,numa_remote,0.5,cross_socket,2947.845249643705,12.471271926537383
realtime_control,numa_remote,0.7,same_core,2947.845249643705,186.75162591558376
realtime_control,numa_remote,0.7,same_llc,2947.845249643705,130.72613814090857
realtime_control,numa_remote,0.7,same_numa,2947.845249643705,74.7006503662335
realtime_control,numa_remote,0.7,cross_numa,2947.845249643705,37.350325183116695
realtime_control,numa_remote,0.7,cross_socket,2947.845249643705,18.675162591558376
realtime_control,numa_remote,0.9,same_core,2947.845249643705,252.48626325559826
realtime_control,numa_remote,0.9,same_llc,2947.845249643705,176.74038427891878
realtime_control,numa_remote,0.9,same_numa,2947.845249643705,100.9945053022393
realtime_control,numa_remote,0.9,cross_numa,2947.845249643705,50.497252651119595
realtime_control,numa_remote,0.9,cross_socket,2947.845249643705,25.248626325559826
realtime_control,prefetch_adversary,0.1,same_core,4283.685160625955,21.90150340774619
realtime_control,prefetch_adversary,0.1,same_llc,4283.685160625955,15.331052385422367
realtime_control,prefetch_adversary,0.1,same_numa,4283.685160625955,8.76060136309843
realtime_control,prefetch_adversary,0.1,cross_numa,4283.685160625955,4.380300681549272
realtime_control,prefetch_adversary,0.1,cross_socket,4283.685160625955,2.1901503407746077
realtime_control,prefetch_adversary,0.3,same_core,4283.685160625955,81.85014125737234
realtime_control,prefetch_adversary,0.3,same_llc,4283.685160625955,57.29509888016071
realtime_control,prefetch_adversary,0.3,same_numa,4283.685160625955,32.7400565029489
realtime_control,prefetch_adversary,0.3,cross_numa,4283.685160625955,16.370028251474537
realtime_control,prefetch_adversary,0.3,cross_socket,4283.685160625955,8.185014125737268
realtime_control,prefetch_adversary,0.5,same_core,4283.685160625955,151.0907694113065
realtime_control,prefetch_adversary,0.5,same_llc,4283.685160625955,105.76353858791458
realtime_control,prefetch_adversary,0.5,same_numa,4283.685160625955,60.43630776452261
realtime_control,prefetch_adversary,0.5,cross_numa,4283.685160625955,30.218153882261333
realtime_control,prefetch_adversary,0.5,cross_socket,4283.685160625955,15.109076941130581
realtime_control,prefetch_adversary,0.7,same_core,4283.685160625955,226.25155649406418
realtime_control,prefetch_adversary,0.7,same_llc,4283.685160625955,158.37608954584493
realtime_control,prefetch_adversary,0.7,same_numa,4283.685160625955,90.50062259762569
realtime_control,prefetch_adversary,0.7,cross_numa,4283.685160625955,45.250311298812846
realtime_control,prefetch_adversary,0.7,cross_socket,4283.685160625955,22.62515564940645
realtime_control,prefetch_adversary,0.9,same_core,4283.685160625955,305.88976012862804
realtime_control,prefetch_adversary,0.9,same_llc,4283.685160625955,214.12283209003954
realtime_control,prefetch_adversary,0.9,same_numa,4283.685160625955,122.35590405145126
realtime_control,prefetch_adversary,0.9,cross_numa,4283.685160625955,61.177952025725574
realtime_control,prefetch_adversary,0.9,cross_socket,4283.685160625955,30.58897601286276
realtime_control,io_burst,0.1,same_core,1179.4837780982234,33.568207894157126
realtime_control,io_burst,0.1,same_llc,1179.4837780982234,23.497745525910034
realtime_control,io_burst,0.1,same_numa,1179.4837780982234,13.427283157662828
realtime_control,io_burst,0.1,cross_numa,1179.4837780982234,6.713641578831471
realtime_control,io_burst,0.1,cross_socket,1179.4837780982234,3.3568207894157354
realtime_control,io_burst,0.3,same_core,1179.4837780982234,125.45086548359222
realtime_control,io_burst,0.3,same_llc,1179.4837780982234,87.81560583851456
realtime_control,io_burst,0.3,same_numa,1179.4837780982234,50.18034619343689
realtime_control,io_burst,0.3,cross_numa,1179.4837780982234,25.090173096718388
realtime_control,io_burst,0.3,cross_socket,1179.4837780982234,12.545086548359222
realtime_control,io_burst,0.5,same_core,1179.4837780982234,231.5752605683257
realtime_control,io_burst,0.5,same_llc,1179.4837780982234,162.10268239782795
realtime_control,io_burst,0.5,same_numa,1179.4837780982234,92.63010422733032
realtime_control,io_burst,0.5,cross_numa,1179.4837780982234,46.315052113665104
realtime_control,io_burst,0.5,cross_socket,1179.4837780982234,23.15752605683258
realtime_control,io_burst,0.7,same_core,1179.4837780982234,346.7734220511645
realtime_control,io_burst,0.7,same_llc,1179.4837780982234,242.7413954358152
realtime_control,io_burst,0.7,same_numa,1179.4837780982234,138.70936882046578
realtime_control,io_burst,0.7,cross_numa,1179.4837780982234,69.35468441023295
realtime_control,io_burst,0.7,cross_socket,1179.4837780982234,34.67734220511642
realtime_control,io_burst,0.9,same_core,1179.4837780982234,468.8340736033658
realtime_control,io_burst,0.9,same_llc,1179.4837780982234,328.1838515223561
realtime_control,io_burst,0.9,same_numa,1179.4837780982234,187.5336294413463
realtime_control,io_burst,0.9,cross_numa,1179.4837780982234,93.76681472067321
realtime_control,io_burst,0.9,cross_socket,1179.4837780982234,46.88340736033655
realtime_control,pagefault_heavy,0.1,same_core,1868.4346807153875,33.97108356957705
realtime_control,pagefault_heavy,0.1,same_llc,1868.4346807153875,23.779758498703927
realtime_control,pagefault_heavy,0.1,same_numa,1868.4346807153875,13.588433427830807
realtime_control,pagefault_heavy,0.1,cross_numa,1868.4346807153875,6.794216713915375
realtime_control,pagefault_heavy,0.1,cross_socket,1868.4346807153875,3.3971083569577445
realtime_control,pagefault_heavy,0.3,same_core,1868.4346807153875,126.95648956465925
realtime_control,pagefault_heavy,0.3,same_llc,1868.4346807153875,88.86954269526143
realtime_control,pagefault_heavy,0.3,same_numa,1868.4346807153875,50.78259582586372
realtime_control,pagefault_heavy,0.3,cross_numa,1868.4346807153875,25.39129791293186
realtime_control,pagefault_heavy,0.3,cross_socket,1868.4346807153875,12.695648956465902
realtime_control,pagefault_heavy,0.5,same_core,1868.4346807153875,234.35455816461558
realtime_control,pagefault_heavy,0.5,same_llc,1868.4346807153875,164.04819071523093
realtime_control,pagefault_heavy,0.5,same_numa,1868.4346807153875,93.74182326584628
realtime_control,pagefault_heavy,0.5,cross_numa,1868.4346807153875,46.87091163292308
realtime_control,pagefault_heavy,0.5,cross_socket,1868.4346807153875,23.43545581646157
realtime_control,pagefault_heavy,0.7,same_core,1868.4346807153875,350.9352938158719
realtime_control,pagefault_heavy,0.7,same_llc,1868.4346807153875,245.65470567111026
realtime_control,pagefault_heavy,0.7,same_numa,1868.4346807153875,140.37411752634875
realtime_control,pagefault_heavy,0.7,cross_numa,1868.4346807153875,70.18705876317438
realtime_control,pagefault_heavy,0.7,cross_socket,1868.4346807153875,35.093529381587246
realtime_control,pagefault_heavy,0.9,same_core,1868.4346807153875,474.4608811070119
realtime_control,pagefault_heavy,0.9,same_llc,1868.4346807153875,332.12261677490824
realtime_control,pagefault_heavy,0.9,same_numa,1868.4346807153875,189.7843524428048
realtime_control,pagefault_heavy,0.9,cross_numa,1868.4346807153875,94.89217622140245
realtime_control,pagefault_heavy,0.9,cross_socket,1868.4346807153875,47.446088110701226
realtime_control,thermal_stress,0.1,same_core,1620.9199840483116,30.92909383828669
realtime_control,thermal_stress,0.1,same_llc,1620.9199840483116,21.650365686800683
realtime_control,thermal_stress,0.1,same_numa,1620.9199840483116,12.371637535314676
realtime_control,thermal_stress,0.1,cross_numa,1620.9199840483116,6.185818767657395
realtime_control,thermal_stress,0.1,cross_socket,1620.9199840483116,3.092909383828612
realtime_control,thermal_stress,0.3,same_core,1620.9199840483116,115.5879873858762
realtime_control,thermal_stress,0.3,same_llc,1620.9199840483116,80.9115911701133
realtime_control,thermal_stress,0.3,same_numa,1620.9199840483116,46.23519495435045
realtime_control,thermal_stress,0.3,cross_numa,1620.9199840483116,23.117597477175195
realtime_control,thermal_stress,0.3,cross_socket,1620.9199840483116,11.558798738587598
realtime_control,thermal_stress,0.5,same_core,1620.9199840483116,213.36894085400718
realtime_control,thermal_stress,0.5,same_llc,1620.9199840483116,149.35825859780505
realtime_control,thermal_stress,0.5,same_numa,1620.9199840483116,85.3475763416028
realtime_control,thermal_stress,0.5,cross_numa,1620.9199840483116,42.67378817080146
realtime_control,thermal_stress,0.5,cross_socket,1620.9199840483116,21.33689408540073
realtime_control,thermal_stress,0.7,same_core,1620.9199840483116,319.51028619288036
realtime_control,thermal_stress,0.7,same_llc,1620.9199840483116,223.65720033501623
realtime_control,thermal_stress,0.7,same_numa,1620.9199840483116,127.8041144771521
realtime_control,thermal_stress,0.7,cross_numa,1620.9199840483116,63.90205723857605
realtime_control,thermal_stress,0.7,cross_socket,1620.9199840483116,31.951028619288024
realtime_control,thermal_stress,0.9,same_core,1620.9199840483116,431.9745964034221
realtime_control,thermal_stress,0.9,same_llc,1620.9199840483116,302.3822174823955
realtime_control,thermal_stress,0.9,same_numa,1620.9199840483116,172.7898385613688
realtime_control,thermal_stress,0.9,cross_numa,1620.9199840483116,86.39491928068446
realtime_control,thermal_stress,0.9,cross_socket,1620.9199840483116,43.197459640342174
realtime_control,mixed_cache_membw,0.1,same_core,6813.560840421532,28.35760333833383
realtime_control,mixed_cache_membw,0.1,same_llc,6813.560840421532,19.850322336833642
realtime_control,mixed_cache_membw,0.1,same_numa,6813.560840421532,11.343041335333567
realtime_control,mixed_cache_membw,0.1,cross_numa,6813.560840421532,5.671520667666755
realtime_control,mixed_cache_membw,0.1,cross_socket,6813.560840421532,2.8357603338333774
realtime_control,mixed_cache_membw,0.3,same_core,6813.560840421532,105.97783155572029
realtime_control,mixed_cache_membw,0.3,same_llc,6813.560840421532,74.18448208900429
realtime_control,mixed_cache_membw,0.3,same_numa,6813.560840421532,42.391132622288126
realtime_control,mixed_cache_membw,0.3,cross_numa,6813.560840421532,21.195566311144034
realtime_control,mixed_cache_membw,0.3,cross_socket,6813.560840421532,10.597783155572017
realtime_control,mixed_cache_membw,0.5,same_core,6813.560840421532,195.6291322692539
realtime_control,mixed_cache_membw,0.5,same_llc,6813.560840421532,136.94039258847772
realtime_control,mixed_cache_membw,0.5,same_numa,6813.560840421532,78.25165290770155
realtime_control,mixed_cache_membw,0.5,cross_numa,6813.560840421532,39.12582645385078
realtime_control,mixed_cache_membw,0.5,cross_socket,6813.560840421532,19.56291322692539
realtime_control,mixed_cache_membw,0.7,same_core,6813.560840421532,292.94572953700026
realtime_control,mixed_cache_membw,0.7,same_llc,6813.560840421532,205.06201067590018
realtime_control,mixed_cache_membw,0.7,same_numa,6813.560840421532,117.1782918148001
realtime_control,mixed_cache_membw,0.7,cross_numa,6813.560840421532,58.589145907399995
realtime_control,mixed_cache_membw,0.7,cross_socket,6813.560840421532,29.294572953700026
realtime_control,mixed_cache_membw,0.9,same_core,6813.560840421532,396.0595910469674
realtime_control,mixed_cache_membw,0.9,same_llc,6813.560840421532,277.2417137328771
realtime_control,mixed_cache_membw,0.9,same_numa,6813.560840421532,158.423836418787
realtime_control,mixed_cache_membw,0.9,cross_numa,6813.560840421532,79.2119182093935
realtime_control,mixed_cache_membw,0.9,cross_socket,6813.560840421532,39.605959104696694
realtime_control,light_background,0.1,same_core,721.2395016817105,38.958773979288196
realtime_control,light_background,0.1,same_llc,721.2395016817105,27.271141785501754
realtime_control,light_background,0.1,same_numa,721.2395016817105,15.583509591715199
realtime_control,light_background,0.1,cross_numa,721.2395016817105,7.791754795857628
realtime_control,light_background,0.1,cross_socket,721.2395016817105,3.895877397928757
realtime_control,light_background,0.3,same_core,721.2395016817105,145.59645034646155
realtime_control,light_background,0.3,same_llc,721.2395016817105,101.917515242523
realtime_control,light_background,0.3,same_numa,721.2395016817105,58.23858013858461
realtime_control,light_background,0.3,cross_numa,721.2395016817105,29.119290069292333
realtime_control,light_background,0.3,cross_socket,721.2395016817105,14.55964503464611
realtime_control,light_background,0.5,same_core,721.2395016817105,268.76288016693604
realtime_control,light_background,0.5,same_llc,721.2395016817105,188.13401611685526
realtime_control,light_background,0.5,same_numa,721.2395016817105,107.50515206677437
realtime_control,light_background,0.5,cross_numa,721.2395016817105,53.75257603338724
realtime_control,light_background,0.5,cross_socket,721.2395016817105,26.876288016693593
realtime_control,light_background,0.7,same_core,721.2395016817105,402.4601913308313
realtime_control,light_background,0.7,same_llc,721.2395016817105,281.722133931582
realtime_control,light_background,0.7,same_numa,721.2395016817105,160.98407653233255
realtime_control,light_background,0.7,cross_numa,721.2395016817105,80.49203826616622
realtime_control,light_background,0.7,cross_socket,721.2395016817105,40.24601913308311
realtime_control,light_background,0.9,same_core,721.2395016817105,544.1220086843448
realtime_control,light_background,0.9,same_llc,721.2395016817105,380.88540607904133
realtime_control,light_background,0.9,same_numa,721.2395016817105,217.64880347373787
realtime_control,light_background,0.9,cross_numa,721.2395016817105,108.82440173686894
realtime_control,light_background,0.9,cross_socket,721.2395016817105,54.41220086843447
kv_lookup,cache_thrash,0.1,same_core,15738.312782368735,25.103789732807797
kv_lookup,cache_thrash,0.1,same_llc,15738.312782368735,17.572652812965487
kv_lookup,cache_thrash,0.1,same_numa,15738.312782368735,10.041515893123119
kv_lookup,cache_thrash,0.1,cross_numa,15738.312782368735,5.0207579465615595
kv_lookup,cache_thrash,0.1,cross_socket,15738.312782368735,2.510378973280808
kv_lookup,cache_thrash,0.3,same_core,15738.312782368735,93.81770271528302
kv_lookup,cache_thrash,0.3,same_llc,15738.312782368735,65.67239190069813
kv_lookup,cache_thrash,0.3,same_numa,15738.312782368735,37.52708108611324
kv_lookup,cache_thrash,0.3,cross_numa,15738.312782368735,18.763540543056592
kv_lookup,cache_thrash,0.3,cross_socket,15738.312782368735,9.381770271528353
kv_lookup,cache_thrash,0.5,same_core,15738.312782368735,173.18221654720207
kv_lookup,cache_thrash,0.5,same_llc,15738.312782368735,121.22755158304136
kv_lookup,cache_thrash,0.5,same_numa,15738.312782368735,69.27288661888082
kv_lookup,cache_thrash,0.5,cross_numa,15738.312782368735,34.63644330944044
kv_lookup,cache_thrash,0.5,cross_socket,15738.312782368735,17.31822165472022
kv_lookup,cache_thrash,0.7,same_core,15738.312782368735,259.3324939939342
kv_lookup,cache_thrash,0.7,same_llc,15738.312782368735,181.5327457957539
kv_lookup,cache_thrash,0.7,same_numa,15738.312782368735,103.73299759757367
kv_lookup,cache_thrash,0.7,cross_numa,15738.312782368735,51.866498798786836
kv_lookup,cache_thrash,0.7,cross_socket,15738.312782368735,25.933249399393446
kv_lookup,cache_thrash,0.9,same_core,15738.312782368735,350.6148448682364
kv_lookup,cache_thrash,0.9,same_llc,15738.312782368735,245.4303914077655
kv_lookup,cache_thrash,0.9,same_numa,15738.312782368735,140.24593794729458
kv_lookup,cache_thrash,0.9,cross_numa,15738.312782368735,70.12296897364729
kv_lookup,cache_thrash,0.9,cross_socket,15738.312782368735,35.06148448682359
kv_lookup,membw_saturator,0.1,same_core,10631.674358383883,14.281229904097529
kv_lookup,membw_saturator,0.1,same_llc,10631.674358383883,9.996860932868287
kv_lookup,membw_saturator,0.1,same_numa,10631.674358383883,5.712491961639046
kv_lookup,membw_saturator,0.1,cross_numa,10631.674358383883,2.8562459808194944
kv_lookup,membw_saturator,0.1,cross_socket,10631.674358383883,1.4281229904097472
kv_lookup,membw_saturator,0.3,same_core,10631.674358383883,53.37170984189004
kv_lookup,membw_saturator,0.3,same_llc,10631.674358383883,37.36019688932305
kv_lookup,membw_saturator,0.3,same_numa,10631.674358383883,21.348683936756004
kv_lookup,membw_saturator,0.3,cross_numa,10631.674358383883,10.67434196837803
kv_lookup,membw_saturator,0.3,cross_socket,10631.674358383883,5.337170984188958
kv_lookup,membw_saturator,0.5,same_core,10631.674358383883,98.52118250415151
kv_lookup,membw_saturator,0.5,same_llc,10631.674358383883,68.9648277529061
kv_lookup,membw_saturator,0.5,same_numa,10631.674358383883,39.40847300166058
kv_lookup,membw_saturator,0.5,cross_numa,10631.674358383883,19.704236500830348
kv_lookup,membw_saturator,0.5,cross_socket,10631.674358383883,9.852118250415174
kv_lookup,membw_saturator,0.7,same_core,10631.674358383883,147.530990649201
kv_lookup,membw_saturator,0.7,same_llc,10631.674358383883,103.27169345444065
kv_lookup,membw_saturator,0.7,same_numa,10631.674358383883,59.01239625968043
kv_lookup,membw_saturator,0.7,cross_numa,10631.674358383883,29.506198129840186
kv_lookup,membw_saturator,0.7,cross_socket,10631.674358383883,14.75309906492015
kv_lookup,membw_saturator,0.9,same_core,10631.674358383883,199.4603707506733
kv_lookup,membw_saturator,0.9,same_llc,10631.674358383883,139.6222595254713
kv_lookup,membw_saturator,0.9,same_numa,10631.674358383883,79.7841483002693
kv_lookup,membw_saturator,0.9,cross_numa,10631.674358383883,39.89207415013465
kv_lookup,membw_saturator,0.9,cross_socket,10631.674358383883,19.946037075067352
kv_lookup,tlb_stress,0.1,same_core,4829.810765857463,16.034549389086465
kv_lookup,tlb_stress,0.1,same_llc,4829.810765857463,11.22418457236057
kv_lookup,tlb_stress,0.1,same_numa,4829.810765857463,6.41381975563462
kv_lookup,tlb_stress,0.1,cross_numa,4829.810765857463,3.2069098778172815
kv_lookup,tlb_stress,0.1,cross_socket,4829.810765857463,1.6034549389086123
kv_lookup,tlb_stress,0.3,same_core,4829.810765857463,59.924202830334366
kv_lookup,tlb_stress,0.3,same_llc,4829.810765857463,41.94694198123409
kv_lookup,tlb_stress,0.3,same_numa,4829.810765857463,23.969681132133758
kv_lookup,tlb_stress,0.3,cross_numa,4829.810765857463,11.984840566066907
kv_lookup,tlb_stress,0.3,cross_socket,4829.810765857463,5.992420283033482
kv_lookup,tlb_stress,0.5,same_core,4829.810765857463,110.61671700143722
kv_lookup,tlb_stress,0.5,same_llc,4829.810765857463,77.43170190100602
kv_lookup,tlb_stress,0.5,same_numa,4829.810765857463,44.24668680057488
kv_lookup,tlb_stress,0.5,cross_numa,4829.810765857463,22.12334340028741
kv_lookup,tlb_stress,0.5,cross_socket,4829.810765857463,11.061671700143734
kv_lookup,tlb_stress,0.7,same_core,4829.810765857463,165.64350352673318
kv_lookup,tlb_stress,0.7,same_llc,4829.810765857463,115.95045246871325
kv_lookup,tlb_stress,0.7,same_numa,4829.810765857463,66.25740141069326
kv_lookup,tlb_stress,0.7,cross_numa,4829.810765857463,33.12870070534666
kv_lookup,tlb_stress,0.7,cross_socket,4829.810765857463,16.564350352673273
kv_lookup,tlb_stress,0.9,same_core,4829.810765857463,223.94830049263004
kv_lookup,tlb_stress,0.9,same_llc,4829.810765857463,156.76381034484103
kv_lookup,tlb_stress,0.9,same_numa,4829.810765857463,89.57932019705203
kv_lookup,tlb_stress,0.9,cross_numa,4829.810765857463,44.789660098525985
kv_lookup,tlb_stress,0.9,cross_socket,4829.810765857463,22.39483004926302
kv_lookup,numa_remote,0.1,same_core,4900.951579263132,10.229906442471133
kv_lookup,numa_remote,0.1,same_llc,4900.951579263132,7.160934509729827
kv_lookup,numa_remote,0.1,same_numa,4900.951579263132,4.091962576988408
kv_lookup,numa_remote,0.1,cross_numa,4900.951579263132,2.045981288494204
kv_lookup,numa_remote,0.1,cross_socket,4900.951579263132,1.022990644247102
kv_lookup,numa_remote,0.3,same_core,4900.951579263132,38.23113289427516
kv_lookup,numa_remote,0.3,same_llc,4900.951579263132,26.76179302599263
kv_lookup,numa_remote,0.3,same_numa,4900.951579263132,15.292453157710042
kv_lookup,numa_remote,0.3,cross_numa,4900.951579263132,7.646226578855021
kv_lookup,numa_remote,0.3,cross_socket,4900.951579263132,3.8231132894275106
kv_lookup,numa_remote,0.5,same_core,4900.951579263132,70.57252676325288
kv_lookup,numa_remote,0.5,same_llc,4900.951579263132,49.400768734276994
kv_lookup,numa_remote,0.5,same_numa,4900.951579263132,28.229010705301164
kv_lookup,numa_remote,0.5,cross_numa,4900.951579263132,14.11450535265061
kv_lookup,numa_remote,0.5,cross_socket,4900.951579263132,7.057252676325277
kv_lookup,numa_remote,0.7,same_core,4900.951579263132,105.67914961395456
kv_lookup,numa_remote,0.7,same_llc,4900.951579263132,73.97540472976817
kv_lookup,numa_remote,0.7,same_numa,4900.951579263132,42.27165984558184
kv_lookup,numa_remote,0.7,cross_numa,4900.951579263132,21.135829922790947
kv_lookup,numa_remote,0.7,cross_socket,4900.951579263132,10.567914961395445
kv_lookup,numa_remote,0.9,same_core,4900.951579263132,142.87711530885332
kv_lookup,numa_remote,0.9,same_llc,4900.951579263132,100.0139807161973
kv_lookup,numa_remote,0.9,same_numa,4900.951579263132,57.15084612354133
kv_lookup,numa_remote,0.9,cross_numa,4900.951579263132,28.57542306177072
kv_lookup,numa_remote,0.9,cross_socket,4900.951579263132,14.28771153088536
kv_lookup,prefetch_adversary,0.1,same_core,10884.329349241569,20.73077066852352
kv_lookup,prefetch_adversary,0.1,same_llc,10884.329349241569,14.511539467966486
kv_lookup,prefetch_adversary,0.1,same_numa,10884.329349241569,8.292308267409453
kv_lookup,prefetch_adversary,0.1,cross_numa,10884.329349241569,4.1461541337047265
kv_lookup,prefetch_adversary,0.1,cross_socket,10884.329349241569,2.0730770668523064
kv_lookup,prefetch_adversary,0.3,same_core,10884.329349241569,77.47488727156093
kv_lookup,prefetch_adversary,0.3,same_llc,10884.329349241569,54.232421090092714
kv_lookup,prefetch_adversary,0.3,same_numa,10884.329349241569,30.989954908624384
kv_lookup,prefetch_adversary,0.3,cross_numa,10884.329349241569,15.494977454312163
kv_lookup,prefetch_adversary,0.3,cross_socket,10884.329349241569,7.747488727156053
kv_lookup,prefetch_adversary,0.5,same_core,10884.329349241569,143.0142959815604
kv_lookup,prefetch_adversary,0.5,same_llc,10884.329349241569,100.11000718709226
kv_lookup,prefetch_adversary,0.5,same_numa,10884.329349241569,57.20571839262419
kv_lookup,prefetch_adversary,0.5,cross_numa,10884.329349241569,28.602859196312068
kv_lookup,prefetch_adversary,0.5,cross_socket,10884.329349241569,14.301429598156062
kv_lookup,prefetch_adversary,0.7,same_core,10884.329349241569,214.15740480245023
kv_lookup,prefetch_adversary,0.7,same_llc,10884.329349241569,149.9101833617152
kv_lookup,prefetch_adversary,0.7,same_numa,10884.329349241569,85.66296192098014
kv_lookup,prefetch_adversary,0.7,cross_numa,10884.329349241569,42.83148096049007
kv_lookup,prefetch_adversary,0.7,cross_socket,10884.329349241569,21.415740480245063
kv_lookup,prefetch_adversary,0.9,same_core,10884.329349241569,289.5385923522237
kv_lookup,prefetch_adversary,0.9,same_llc,10884.329349241569,202.67701464655664
kv_lookup,prefetch_adversary,0.9,same_numa,10884.329349241569,115.81543694088953
kv_lookup,prefetch_adversary,0.9,cross_numa,10884.329349241569,57.90771847044476
kv_lookup,prefetch_adversary,0.9,cross_socket,10884.329349241569,28.953859235222353
kv_lookup,io_burst,0.1,same_core,4134.624072284329,7.9888506784640185
kv_lookup,io_burst,0.1,same_llc,4134.624072284329,5.592195474924779
kv_lookup,io_burst,0.1,same_numa,4134.624072284329,3.195540271385596
kv_lookup,io_burst,0.1,cross_numa,4134.624072284329,1.5977701356928264
kv_lookup,io_burst,0.1,cross_socket,4134.624072284329,0.7988850678463564
kv_lookup,io_burst,0.3,same_core,4134.624072284329,29.85587538639311
kv_lookup,io_burst,0.3,same_llc,4134.624072284329,20.8991127704752
kv_lookup,io_burst,0.3,same_numa,4134.624072284329,11.942350154557232
kv_lookup,io_burst,0.3,cross_numa,4134.624072284329,5.971175077278588
kv_lookup,io_burst,0.3,cross_socket,4134.624072284329,2.9855875386393222
kv_lookup,io_burst,0.5,same_core,4134.624072284329,55.112271210306744
kv_lookup,io_burst,0.5,same_llc,4134.624072284329,38.578589847214744
kv_lookup,io_burst,0.5,same_numa,4134.624072284329,22.044908484122743
kv_lookup,io_burst,0.5,cross_numa,4134.624072284329,11.022454242061372
kv_lookup,io_burst,0.5,cross_socket,4134.624072284329,5.511227121030629
kv_lookup,io_burst,0.7,same_core,4134.624072284329,82.52811996284532
kv_lookup,io_burst,0.7,same_llc,4134.624072284329,57.76968397399173
kv_lookup,io_burst,0.7,same_numa,4134.624072284329,33.01124798513814
kv_lookup,io_burst,0.7,cross_numa,4134.624072284329,16.505623992569042
kv_lookup,io_burst,0.7,cross_socket,4134.624072284329,8.252811996284493
kv_lookup,io_burst,0.9,same_core,4134.624072284329,111.57716309440588
kv_lookup,io_burst,0.9,same_llc,4134.624072284329,78.10401416608414
kv_lookup,io_burst,0.9,same_numa,4134.624072284329,44.63086523776235
kv_lookup,io_burst,0.9,cross_numa,4134.624072284329,22.315432618881175
kv_lookup,io_burst,0.9,cross_socket,4134.624072284329,11.157716309440616
kv_lookup,pagefault_heavy,0.1,same_core,4590.81661047489,11.613145483699157
kv_lookup,pagefault_heavy,0.1,same_llc,4590.81661047489,8.129201838589438
kv_lookup,pagefault_heavy,0.1,same_numa,4590.81661047489,4.645258193479663
kv_lookup,pagefault_heavy,0.1,cross_numa,4590.81661047489,2.3226290967398313
kv_lookup,pagefault_heavy,0.1,cross_socket,4590.81661047489,1.161314548369944
kv_lookup,pagefault_heavy,0.3,same_core,4590.81661047489,43.40056390590075
kv_lookup,pagefault_heavy,0.3,same_llc,4590.81661047489,30.380394734130505
kv_lookup,pagefault_heavy,0.3,same_numa,4590.81661047489,17.360225562360313
kv_lookup,pagefault_heavy,0.3,cross_numa,4590.81661047489,8.680112781180185
kv_lookup,pagefault_heavy,0.3,cross_socket,4590.81661047489,4.340056390590064
kv_lookup,pagefault_heavy,0.5,same_core,4590.81661047489,80.11500643362035
kv_lookup,pagefault_heavy,0.5,same_llc,4590.81661047489,56.0805045035342
kv_lookup,pagefault_heavy,0.5,same_numa,4590.81661047489,32.046002573448106
kv_lookup,pagefault_heavy,0.5,cross_numa,4590.81661047489,16.02300128672408
kv_lookup,pagefault_heavy,0.5,cross_socket,4590.81661047489,8.011500643362012
kv_lookup,pagefault_heavy,0.7,same_core,4590.81661047489,119.96857898575337
kv_lookup,pagefault_heavy,0.7,same_llc,4590.81661047489,83.97800529002734
kv_lookup,pagefault_heavy,0.7,same_numa,4590.81661047489,47.98743159430131
kv_lookup,pagefault_heavy,0.7,cross_numa,4590.81661047489,23.993715797150628
kv_lookup,pagefault_heavy,0.7,cross_socket,4590.81661047489,11.996857898575342
kv_lookup,pagefault_heavy,0.9,same_core,4590.81661047489,162.19627576302315
kv_lookup,pagefault_heavy,0.9,same_llc,4590.81661047489,113.53739303411618
kv_lookup,pagefault_heavy,0.9,same_numa,4590.81661047489,64.8785103052092
kv_lookup,pagefault_heavy,0.9,cross_numa,4590.81661047489,32.43925515260463
kv_lookup,pagefault_heavy,0.9,cross_socket,4590.81661047489,16.219627576302344
kv_lookup,thermal_stress,0.1,same_core,4639.638897850022,10.952027384236885
kv_lookup,thermal_stress,0.1,same_llc,4639.638897850022,7.666419168965831
kv_lookup,thermal_stress,0.1,same_numa,4639.638897850022,4.38081095369472
kv_lookup,thermal_stress,0.1,cross_numa,4639.638897850022,2.1904054768473884
kv_lookup,thermal_stress,0.1,cross_socket,4639.638897850022,1.0952027384237226
kv_lookup,thermal_stress,0.3,same_core,4639.638897850022,40.92983809218083
kv_lookup,thermal_stress,0.3,same_llc,4639.638897850022,28.65088666452658
kv_lookup,thermal_stress,0.3,same_numa,4639.638897850022,16.371935236872332
kv_lookup,thermal_stress,0.3,cross_numa,4639.638897850022,8.185967618436166
kv_lookup,thermal_stress,0.3,cross_socket,4639.638897850022,4.092983809218083
kv_lookup,thermal_stress,0.5,same_core,4639.638897850022,75.55418517583547
kv_lookup,thermal_stress,0.5,same_llc,4639.638897850022,52.8879296230848
kv_lookup,thermal_stress,0.5,same_numa,4639.638897850022,30.22167407033419
kv_lookup,thermal_stress,0.5,cross_numa,4639.638897850022,15.110837035167037
kv_lookup,thermal_stress,0.5,cross_socket,4639.638897850022,7.5554185175835755
kv_lookup,thermal_stress,0.7,same_core,4639.638897850022,113.13895655093751
kv_lookup,thermal_stress,0.7,same_llc,4639.638897850022,79.19726958565622
kv_lookup,thermal_stress,0.7,same_numa,4639.638897850022,45.25558262037498
kv_lookup,thermal_stress,0.7,cross_numa,4639.638897850022,22.62779131018749
kv_lookup,thermal_stress,0.7,cross_socket,4639.638897850022,11.313895655093745
kv_lookup,thermal_stress,0.9,same_core,4639.638897850022,152.96269699465023
kv_lookup,thermal_stress,0.9,same_llc,4639.638897850022,107.07388789625514
kv_lookup,thermal_stress,0.9,same_numa,4639.638897850022,61.18507879786006
kv_lookup,thermal_stress,0.9,cross_numa,4639.638897850022,30.592539398930057
kv_lookup,thermal_stress,0.9,cross_socket,4639.638897850022,15.296269699465029
kv_lookup,mixed_cache_membw,0.1,same_core,17904.576996197455,22.17440218702791
kv_lookup,mixed_cache_membw,0.1,same_llc,17904.576996197455,15.522081530919479
kv_lookup,mixed_cache_membw,0.1,same_numa,17904.576996197455,8.869760874811163
kv_lookup,mixed_cache_membw,0.1,cross_numa,17904.576996197455,4.434880437405582
kv_lookup,mixed_cache_membw,0.1,cross_socket,17904.576996197455,2.217440218702791
kv_lookup,mixed_cache_membw,0.3,same_core,17904.576996197455,82.87001661557599
kv_lookup,mixed_cache_membw,0.3,same_llc,17904.576996197455,58.00901163090322
kv_lookup,mixed_cache_membw,0.3,same_numa,17904.576996197455,33.148006646230385
kv_lookup,mixed_cache_membw,0.3,cross_numa,17904.576996197455,16.57400332311522
kv_lookup,mixed_cache_membw,0.3,cross_socket,17904.576996197455,8.28700166155761
kv_lookup,mixed_cache_membw,0.5,same_core,17904.576996197455,152.97340211306414
kv_lookup,mixed_cache_membw,0.5,same_llc,17904.576996197455,107.08138147914491
kv_lookup,mixed_cache_membw,0.5,same_numa,17904.576996197455,61.18936084522568
kv_lookup,mixed_cache_membw,0.5,cross_numa,17904.576996197455,30.594680422612782
kv_lookup,mixed_cache_membw,0.5,cross_socket,17904.576996197455,15.297340211306391
kv_lookup,mixed_cache_membw,0.7,same_core,17904.576996197455,229.0707133541353
kv_lookup,mixed_cache_membw,0.7,same_llc,17904.576996197455,160.34949934789472
kv_lookup,mixed_cache_membw,0.7,same_numa,17904.576996197455,91.62828534165408
kv_lookup,mixed_cache_membw,0.7,cross_numa,17904.576996197455,45.81414267082704
kv_lookup,mixed_cache_membw,0.7,cross_socket,17904.576996197455,22.90707133541349
kv_lookup,mixed_cache_membw,0.9,same_core,17904.576996197455,309.701230993425
kv_lookup,mixed_cache_membw,0.9,same_llc,17904.576996197455,216.79086169539744
kv_lookup,mixed_cache_membw,0.9,same_numa,17904.576996197455,123.88049239737
kv_lookup,mixed_cache_membw,0.9,cross_numa,17904.576996197455,61.940246198684974
kv_lookup,mixed_cache_membw,0.9,cross_socket,17904.576996197455,30.97012309934246
kv_lookup,light_background,0.1,same_core,3734.579259288841,17.917521199733358
kv_lookup,light_background,0.1,same_llc,3734.579259288841,12.5422648398133
kv_lookup,light_background,0.1,same_numa,3734.579259288841,7.167008479893298
kv_lookup,light_background,0.1,cross_numa,3734.579259288841,3.5835042399467056
kv_lookup,light_background,0.1,cross_socket,3734.579259288841,1.7917521199733528
kv_lookup,light_background,0.3,same_core,3734.579259288841,66.96123155917417
kv_lookup,light_background,0.3,same_llc,3734.579259288841,46.872862091421894
kv_lookup,light_background,0.3,same_numa,3734.579259288841,26.784492623669678
kv_lookup,light_background,0.3,cross_numa,3734.579259288841,13.392246311834867
kv_lookup,light_background,0.3,cross_socket,3734.579259288841,6.696123155917405
kv_lookup,light_background,0.5,same_core,3734.579259288841,123.60667729566086
kv_lookup,light_background,0.5,same_llc,3734.579259288841,86.5246741069626
kv_lookup,light_background,0.5,same_numa,3734.579259288841,49.4426709182643
kv_lookup,light_background,0.5,cross_numa,3734.579259288841,24.72133545913215
kv_lookup,light_background,0.5,cross_socket,3734.579259288841,12.360667729566103
kv_lookup,light_background,0.7,same_core,3734.579259288841,185.09537836207483
kv_lookup,light_background,0.7,same_llc,3734.579259288841,129.56676485345236
kv_lookup,light_background,0.7,same_numa,3734.579259288841,74.03815134482994
kv_lookup,light_background,0.7,cross_numa,3734.579259288841,37.019075672415
kv_lookup,light_background,0.7,cross_socket,3734.579259288841,18.50953783620747
kv_lookup,light_background,0.9,same_core,3734.579259288841,250.24703372406685
kv_lookup,light_background,0.9,same_llc,3734.579259288841,175.17292360684678
kv_lookup,light_background,0.9,same_numa,3734.579259288841,100.0988134896267
kv_lookup,light_background,0.9,cross_numa,3734.579259288841,50.04940674481338
kv_lookup,light_background,0.9,cross_socket,3734.579259288841,25.02470337240669
streaming_frame,cache_thrash,0.1,same_core,517011.8614873483,790.3340499195656
streaming_frame,cache_thrash,0.1,same_llc,517011.8614873483,553.2338349436959
streaming_frame,cache_thrash,0.1,same_numa,517011.8614873483,316.13361996782623
streaming_frame,cache_thrash,0.1,cross_numa,517011.8614873483,158.06680998391494
streaming_frame,cache_thrash,0.1,cross_socket,517011.8614873483,79.03340499195838
streaming_frame,cache_thrash,0.3,same_core,517011.8614873483,2953.6307358493214
streaming_frame,cache_thrash,0.3,same_llc,517011.8614873483,2067.5415150945246
streaming_frame,cache_thrash,0.3,same_numa,517011.8614873483,1181.4522943397278
streaming_frame,cache_thrash,0.3,cross_numa,517011.8614873483,590.7261471698639
streaming_frame,cache_thrash,0.3,cross_socket,517011.8614873483,295.36307358493286
streaming_frame,cache_thrash,0.5,same_core,517011.8614873483,5452.236655683979
streaming_frame,cache_thrash,0.5,same_llc,517011.8614873483,3816.565658978785
streaming_frame,cache_thrash,0.5,same_numa,517011.8614873483,2180.894662273591
streaming_frame,cache_thrash,0.5,cross_numa,517011.8614873483,1090.4473311367965
streaming_frame,cache_thrash,0.5,cross_socket,517011.8614873483,545.2236655683973
streaming_frame,cache_thrash,0.7,same_core,517011.8614873483,8164.476456959388
streaming_frame,cache_thrash,0.7,same_llc,517011.8614873483,5715.13351987157
streaming_frame,cache_thrash,0.7,same_numa,517011.8614873483,3265.790582783755
streaming_frame,cache_thrash,0.7,cross_numa,517011.8614873483,1632.8952913918783
streaming_frame,cache_thrash,0.7,cross_socket,517011.8614873483,816.4476456959401
streaming_frame,cache_thrash,0.9,same_core,517011.8614873483,11038.287575540535
streaming_frame,cache_thrash,0.9,same_llc,517011.8614873483,7726.8013028783735
streaming_frame,cache_thrash,0.9,same_numa,517011.8614873483,4415.315030216212
streaming_frame,cache_thrash,0.9,cross_numa,517011.8614873483,2207.657515108107
streaming_frame,cache_thrash,0.9,cross_socket,517011.8614873483,1103.8287575540544
streaming_frame,membw_saturator,0.1,same_core,1115468.211404447,1135.2923945560578
streaming_frame,membw_saturator,0.1,same_llc,1115468.211404447,794.704676189238
streaming_frame,membw_saturator,0.1,same_numa,1115468.211404447,454.1169578224217
streaming_frame,membw_saturator,0.1,cross_numa,1115468.211404447,227.05847891121266
streaming_frame,membw_saturator,0.1,cross_socket,1115468.211404447,113.52923945560724
streaming_frame,membw_saturator,0.3,same_core,1115468.211404447,4242.806584225998
streaming_frame,membw_saturator,0.3,same_llc,1115468.211404447,2969.9646089581984
streaming_frame,membw_saturator,0.3,same_numa,1115468.211404447,1697.1226336904
streaming_frame,membw_saturator,0.3,cross_numa,1115468.211404447,848.5613168451982
streaming_frame,membw_saturator,0.3,cross_socket,1115468.211404447,424.2806584226
streaming_frame,membw_saturator,0.5,same_core,1115468.211404447,7831.982956001595
streaming_frame,membw_saturator,0.5,same_llc,1115468.211404447,5482.388069201117
streaming_frame,membw_saturator,0.5,same_numa,1115468.211404447,3132.793182400639
streaming_frame,membw_saturator,0.5,cross_numa,1115468.211404447,1566.3965912003187
streaming_frame,membw_saturator,0.5,cross_socket,1115468.211404447,783.1982956001593
streaming_frame,membw_saturator,0.7,same_core,1115468.211404447,11728.038325137686
streaming_frame,membw_saturator,0.7,same_llc,1115468.211404447,8209.62682759638
streaming_frame,membw_saturator,0.7,same_numa,1115468.211404447,4691.215330055076
streaming_frame,membw_saturator,0.7,cross_numa,1115468.211404447,2345.607665027537
streaming_frame,membw_saturator,0.7,cross_socket,1115468.211404447,1172.8038325137677
streaming_frame,membw_saturator,0.9,same_core,1115468.211404447,15856.186298324277
streaming_frame,membw_saturator,0.9,same_llc,1115468.211404447,11099.330408826996
streaming_frame,membw_saturator,0.9,same_numa,1115468.211404447,6342.474519329711
streaming_frame,membw_saturator,0.9,cross_numa,1115468.211404447,3171.2372596648565
streaming_frame,membw_saturator,0.9,cross_socket,1115468.211404447,1585.6186298324283
streaming_frame,tlb_stress,0.1,same_core,315396.24032837636,668.9774590167508
streaming_frame,tlb_stress,0.1,same_llc,315396.24032837636,468.28422131172556
streaming_frame,tlb_stress,0.1,same_numa,315396.24032837636,267.59098360670214
streaming_frame,tlb_stress,0.1,cross_numa,315396.24032837636,133.79549180335016
streaming_frame,tlb_stress,0.1,cross_socket,315396.24032837636,66.89774590167508
streaming_frame,tlb_stress,0.3,same_core,315396.24032837636,2500.097755807614
streaming_frame,tlb_stress,0.3,same_llc,315396.24032837636,1750.068429065328
streaming_frame,tlb_stress,0.3,same_numa,315396.24032837636,1000.0391023230477
streaming_frame,tlb_stress,0.3,cross_numa,315396.24032837636,500.01955116152203
streaming_frame,tlb_stress,0.3,cross_socket,315396.24032837636,250.00977558076193
streaming_frame,tlb_stress,0.5,same_core,315396.24032837636,4615.040215271825
streaming_frame,tlb_stress,0.5,same_llc,315396.24032837636,3230.5281506902775
streaming_frame,tlb_stress,0.5,same_numa,315396.24032837636,1846.0160861087315
streaming_frame,tlb_stress,0.5,cross_numa,315396.24032837636,923.0080430543658
streaming_frame,tlb_stress,0.5,cross_socket,315396.24032837636,461.504021527182
streaming_frame,tlb_stress,0.7,same_core,315396.24032837636,6910.81285810048
streaming_frame,tlb_stress,0.7,same_llc,315396.24032837636,4837.569000670335
streaming_frame,tlb_stress,0.7,same_numa,315396.24032837636,2764.325143240194
streaming_frame,tlb_stress,0.7,cross_numa,315396.24032837636,1382.162571620096
streaming_frame,tlb_stress,0.7,cross_socket,315396.24032837636,691.0812858100489
streaming_frame,tlb_stress,0.9,same_core,315396.24032837636,9343.347379418601
streaming_frame,tlb_stress,0.9,same_llc,315396.24032837636,6540.34316559302
streaming_frame,tlb_stress,0.9,same_numa,315396.24032837636,3737.3389517674423
streaming_frame,tlb_stress,0.9,cross_numa,315396.24032837636,1868.6694758837202
streaming_frame,tlb_stress,0.9,cross_socket,315396.24032837636,934.3347379418592
streaming_frame,numa_remote,0.1,same_core,523568.1283285003,830.7604668462427
streaming_frame,numa_remote,0.1,same_llc,523568.1283285003,581.5323267923686
streaming_frame,numa_remote,0.1,same_numa,523568.1283285003,332.30418673849636
streaming_frame,numa_remote,0.1,cross_numa,523568.1283285003,166.15209336925
streaming_frame,numa_remote,0.1,cross_socket,523568.1283285003,83.07604668462409
streaming_frame,numa_remote,0.3,same_core,523568.1283285003,3104.7120508793905
streaming_frame,numa_remote,0.3,same_llc,523568.1283285003,2173.298435615574
streaming_frame,numa_remote,0.3,same_numa,523568.1283285003,1241.8848203517555
streaming_frame,numa_remote,0.3,cross_numa,523568.1283285003,620.9424101758796
streaming_frame,numa_remote,0.3,cross_socket,523568.1283285003,310.47120508793887
streaming_frame,numa_remote,0.5,same_core,523568.1283285003,5731.124288385641
streaming_frame,numa_remote,0.5,same_llc,523568.1283285003,4011.7870018699487
streaming_frame,numa_remote,0.5,same_numa,523568.1283285003,2292.449715354258
streaming_frame,numa_remote,0.5,cross_numa,523568.1283285003,1146.224857677129
streaming_frame,numa_remote,0.5,cross_socket,523568.1283285003,573.1124288385636
streaming_frame,numa_remote,0.7,same_core,523568.1283285003,8582.098004798127
streaming_frame,numa_remote,0.7,same_llc,523568.1283285003,6007.4686033586895
streaming_frame,numa_remote,0.7,same_numa,523568.1283285003,3432.839201919249
streaming_frame,numa_remote,0.7,cross_numa,523568.1283285003,1716.4196009596271
streaming_frame,numa_remote,0.7,cross_socket,523568.1283285003,858.2098004798136
streaming_frame,numa_remote,0.9,same_core,523568.1283285003,11602.90758113281
streaming_frame,numa_remote,0.9,same_llc,523568.1283285003,8122.035306792966
streaming_frame,numa_remote,0.9,same_numa,523568.1283285003,4641.163032453123
streaming_frame,numa_remote,0.9,cross_numa,523568.1283285003,2320.5815162265626
streaming_frame,numa_remote,0.9,cross_socket,523568.1283285003,1160.2907581132822
streaming_frame,prefetch_adversary,0.1,same_core,824256.0305314036,989.7561777966439
streaming_frame,prefetch_adversary,0.1,same_llc,824256.0305314036,692.8293244576507
streaming_frame,prefetch_adversary,0.1,same_numa,824256.0305314036,395.90247111865756
streaming_frame,prefetch_adversary,0.1,cross_numa,824256.0305314036,197.95123555932878
streaming_frame,prefetch_adversary,0.1,cross_socket,824256.0305314036,98.97561777966621
streaming_frame,prefetch_adversary,0.3,same_core,824256.0305314036,3698.90968007063
streaming_frame,prefetch_adversary,0.3,same_llc,824256.0305314036,2589.2367760494417
streaming_frame,prefetch_adversary,0.3,same_numa,824256.0305314036,1479.5638720282532
streaming_frame,prefetch_adversary,0.3,cross_numa,824256.0305314036,739.7819360141257
streaming_frame,prefetch_adversary,0.3,cross_socket,824256.0305314036,369.89096800706466
streaming_frame,prefetch_adversary,0.5,same_core,824256.0305314036,6827.979780602551
streaming_frame,prefetch_adversary,0.5,same_llc,824256.0305314036,4779.585846421787
streaming_frame,prefetch_adversary,0.5,same_numa,824256.0305314036,2731.191912241022
streaming_frame,prefetch_adversary,0.5,cross_numa,824256.0305314036,1365.595956120511
streaming_frame,prefetch_adversary,0.5,cross_socket,824256.0305314036,682.7979780602545
streaming_frame,prefetch_adversary,0.7,same_core,824256.0305314036,10224.589226002858
streaming_frame,prefetch_adversary,0.7,same_llc,824256.0305314036,7157.212458201999
streaming_frame,prefetch_adversary,0.7,same_numa,824256.0305314036,4089.8356904011434
streaming_frame,prefetch_adversary,0.7,cross_numa,824256.0305314036,2044.9178452005708
streaming_frame,prefetch_adversary,0.7,cross_socket,824256.0305314036,1022.4589226002845
streaming_frame,prefetch_adversary,0.9,same_core,824256.0305314036,13823.538693921962
streaming_frame,prefetch_adversary,0.9,same_llc,824256.0305314036,9676.477085745375
streaming_frame,prefetch_adversary,0.9,same_numa,824256.0305314036,5529.415477568784
streaming_frame,prefetch_adversary,0.9,cross_numa,824256.0305314036,2764.707738784393
streaming_frame,prefetch_adversary,0.9,cross_socket,824256.0305314036,1382.3538693921964
streaming_frame,io_burst,0.1,same_core,255639.0252894213,626.9189496559811
streaming_frame,io_burst,0.1,same_llc,255639.0252894213,438.84326475918715
streaming_frame,io_burst,0.1,same_numa,255639.0252894213,250.76757986239136
streaming_frame,io_burst,0.1,cross_numa,255639.0252894213,125.38378993119659
streaming_frame,io_burst,0.1,cross_socket,255639.0252894213,62.691894965597385
streaming_frame,io_burst,0.3,same_core,255639.0252894213,2342.91699665315
streaming_frame,io_burst,0.3,same_llc,255639.0252894213,1640.0418976572055
streaming_frame,io_burst,0.3,same_numa,255639.0252894213,937.1667986612592
streaming_frame,io_burst,0.3,cross_numa,255639.0252894213,468.5833993306296
streaming_frame,io_burst,0.3,cross_socket,255639.0252894213,234.2916996653148
streaming_frame,io_burst,0.5,same_core,255639.0252894213,4324.893350862325
streaming_frame,io_burst,0.5,same_llc,255639.0252894213,3027.4253456036276
streaming_frame,io_burst,0.5,same_numa,255639.0252894213,1729.9573403449303
streaming_frame,io_burst,0.5,cross_numa,255639.0252894213,864.9786701724661
streaming_frame,io_burst,0.5,cross_socket,255639.0252894213,432.4893350862312
streaming_frame,io_burst,0.7,same_core,255639.0252894213,6476.331122781388
streaming_frame,io_burst,0.7,same_llc,255639.0252894213,4533.431785946972
streaming_frame,io_burst,0.7,same_numa,255639.0252894213,2590.532449112554
streaming_frame,io_burst,0.7,cross_numa,255639.0252894213,1295.266224556277
streaming_frame,io_burst,0.7,cross_socket,255639.0252894213,647.6331122781394
streaming_frame,io_burst,0.9,same_core,255639.0252894213,8755.932575045686
streaming_frame,io_burst,0.9,same_llc,255639.0252894213,6129.15280253198
streaming_frame,io_burst,0.9,same_numa,255639.0252894213,3502.373030018274
streaming_frame,io_burst,0.9,cross_numa,255639.0252894213,1751.1865150091362
streaming_frame,io_burst,0.9,cross_socket,255639.0252894213,875.5932575045699
streaming_frame,pagefault_heavy,0.1,same_core,332979.915308763,706.4124295520978
streaming_frame,pagefault_heavy,0.1,same_llc,332979.915308763,494.4887006864683
streaming_frame,pagefault_heavy,0.1,same_numa,332979.915308763,282.56497182083876
streaming_frame,pagefault_heavy,0.1,cross_numa,332979.915308763,141.28248591041847
streaming_frame,pagefault_heavy,0.1,cross_socket,332979.915308763,70.64124295521106
streaming_frame,pagefault_heavy,0.3,same_core,332979.915308763,2639.99945886605
streaming_frame,pagefault_heavy,0.3,same_llc,332979.915308763,1847.9996212062342
streaming_frame,pagefault_heavy,0.3,same_numa,332979.915308763,1055.99978354642
streaming_frame,pagefault_heavy,0.3,cross_numa,332979.915308763,527.9998917732082
streaming_frame,pagefault_heavy,0.3,cross_socket,332979.915308763,263.9999458866041
streaming_frame,pagefault_heavy,0.5,same_core,332979.915308763,4873.290911389557
streaming_frame,pagefault_heavy,0.5,same_llc,332979.915308763,3411.303637972689
streaming_frame,pagefault_heavy,0.5,same_numa,332979.915308763,1949.3163645558216
streaming_frame,pagefault_heavy,0.5,cross_numa,332979.915308763,974.6581822779117
streaming_frame,pagefault_heavy,0.5,cross_socket,332979.915308763,487.329091138954
streaming_frame,pagefault_heavy,0.7,same_core,332979.915308763,7297.5315318485245
streaming_frame,pagefault_heavy,0.7,same_llc,332979.915308763,5108.272072293968
streaming_frame,pagefault_heavy,0.7,same_numa,332979.915308763,2919.0126127394105
streaming_frame,pagefault_heavy,0.7,cross_numa,332979.915308763,1459.5063063697035
streaming_frame,pagefault_heavy,0.7,cross_socket,332979.915308763,729.7531531848526
streaming_frame,pagefault_heavy,0.9,same_core,332979.915308763,9866.187019432977
streaming_frame,pagefault_heavy,0.9,same_llc,332979.915308763,6906.330913603082
streaming_frame,pagefault_heavy,0.9,same_numa,332979.915308763,3946.474807773191
streaming_frame,pagefault_heavy,0.9,cross_numa,332979.915308763,1973.2374038865946
streaming_frame,pagefault_heavy,0.9,cross_socket,332979.915308763,986.6187019432964
streaming_frame,thermal_stress,0.1,same_core,250508.07607824038,635.8499511426107
streaming_frame,thermal_stress,0.1,same_llc,250508.07607824038,445.09496579982806
streaming_frame,thermal_stress,0.1,same_numa,250508.07607824038,254.33998045704357
streaming_frame,thermal_stress,0.1,cross_numa,250508.07607824038,127.1699902285236
streaming_frame,thermal_stress,0.1,cross_socket,250508.07607824038,63.58499511426089
streaming_frame,thermal_stress,0.3,same_core,250508.07607824038,2376.2938712740997
streaming_frame,thermal_stress,0.3,same_llc,250508.07607824038,1663.4057098918693
streaming_frame,thermal_stress,0.3,same_numa,250508.07607824038,950.5175485096388
streaming_frame,thermal_stress,0.3,cross_numa,250508.07607824038,475.2587742548203
streaming_frame,thermal_stress,0.3,cross_socket,250508.07607824038,237.62938712740834
streaming_frame,thermal_stress,0.5,same_core,250508.07607824038,4386.505189150628
streaming_frame,thermal_stress,0.5,same_llc,250508.07607824038,3070.553632405439
streaming_frame,thermal_stress,0.5,same_numa,250508.07607824038,1754.602075660252
streaming_frame,thermal_stress,0.5,cross_numa,250508.07607824038,877.3010378301242
streaming_frame,thermal_stress,0.5,cross_socket,250508.07607824038,438.650518915063
streaming_frame,thermal_stress,0.7,same_core,250508.07607824038,6568.592048882316
streaming_frame,thermal_stress,0.7,same_llc,250508.07607824038,4598.014434217619
streaming_frame,thermal_stress,0.7,same_numa,250508.07607824038,2627.436819552926
streaming_frame,thermal_stress,0.7,cross_numa,250508.07607824038,1313.718409776464
streaming_frame,thermal_stress,0.7,cross_socket,250508.07607824038,656.8592048882329
streaming_frame,thermal_stress,0.9,same_core,250508.07607824038,8880.668391194637
streaming_frame,thermal_stress,0.9,same_llc,250508.07607824038,6216.467873836244
streaming_frame,thermal_stress,0.9,same_numa,250508.07607824038,3552.2673564778543
streaming_frame,thermal_stress,0.9,cross_numa,250508.07607824038,1776.1336782389262
streaming_frame,thermal_stress,0.9,cross_socket,250508.07607824038,888.0668391194631
streaming_frame,mixed_cache_membw,0.1,same_core,1420842.6245967916,1133.2408582627213
streaming_frame,mixed_cache_membw,0.1,same_llc,1420842.6245967916,793.2686007839075
streaming_frame,mixed_cache_membw,0.1,same_numa,1420842.6245967916,453.29634330509
streaming_frame,mixed_cache_membw,0.1,cross_numa,1420842.6245967916,226.648171652545
streaming_frame,mixed_cache_membw,0.1,cross_socket,1420842.6245967916,113.3240858262725
streaming_frame,mixed_cache_membw,0.3,same_core,1420842.6245967916,4235.139597522952
streaming_frame,mixed_cache_membw,0.3,same_llc,1420842.6245967916,2964.5977182660663
streaming_frame,mixed_cache_membw,0.3,same_numa,1420842.6245967916,1694.055839009181
streaming_frame,mixed_cache_membw,0.3,cross_numa,1420842.6245967916,847.0279195045914
streaming_frame,mixed_cache_membw,0.3,cross_socket,1420842.6245967916,423.5139597522939
streaming_frame,mixed_cache_membw,0.5,same_core,1420842.6245967916,7817.830128624219
streaming_frame,mixed_cache_membw,0.5,same_llc,1420842.6245967916,5472.48109003695
streaming_frame,mixed_cache_membw,0.5,same_numa,1420842.6245967916,3127.1320514496874
streaming_frame,mixed_cache_membw,0.5,cross_numa,1420842.6245967916,1563.566025724842
streaming_frame,mixed_cache_membw,0.5,cross_socket,1420842.6245967916,781.783012862421
streaming_frame,mixed_cache_membw,0.7,same_core,1420842.6245967916,11706.845109725518
streaming_frame,mixed_cache_membw,0.7,same_llc,1420842.6245967916,8194.791576807862
streaming_frame,mixed_cache_membw,0.7,same_numa,1420842.6245967916,4682.738043890209
streaming_frame,mixed_cache_membw,0.7,cross_numa,1420842.6245967916,2341.3690219451037
streaming_frame,mixed_cache_membw,0.7,cross_socket,1420842.6245967916,1170.684510972551
streaming_frame,mixed_cache_membw,0.9,same_core,1420842.6245967916,15827.533290675457
streaming_frame,mixed_cache_membw,0.9,same_llc,1420842.6245967916,11079.273303472817
streaming_frame,mixed_cache_membw,0.9,same_numa,1420842.6245967916,6331.01331627018
streaming_frame,mixed_cache_membw,0.9,cross_numa,1420842.6245967916,3165.506658135091
streaming_frame,mixed_cache_membw,0.9,cross_socket,1420842.6245967916,1582.7533290675474
streaming_frame,light_background,0.1,same_core,221492.302441544,983.8621626623772
streaming_frame,light_background,0.1,same_llc,221492.302441544,688.7035138636656
streaming_frame,light_background,0.1,same_numa,221492.302441544,393.5448650649505
streaming_frame,light_background,0.1,cross_numa,221492.302441544,196.77243253247616
streaming_frame,light_background,0.1,cross_socket,221492.302441544,98.38621626623899
streaming_frame,light_background,0.3,same_core,221492.302441544,3676.8826090366765
streaming_frame,light_background,0.3,same_llc,221492.302441544,2573.817826325674
streaming_frame,light_background,0.3,same_numa,221492.302441544,1470.7530436146717
streaming_frame,light_background,0.3,cross_numa,221492.302441544,735.3765218073349
streaming_frame,light_background,0.3,cross_socket,221492.302441544,367.6882609036693
streaming_frame,light_background,0.5,same_core,221492.302441544,6787.319043073303
streaming_frame,light_background,0.5,same_llc,221492.302441544,4751.123330151315
streaming_frame,light_background,0.5,same_numa,221492.302441544,2714.927617229323
streaming_frame,light_background,0.5,cross_numa,221492.302441544,1357.4638086146624
streaming_frame,light_background,0.5,cross_socket,221492.302441544,678.7319043073312
streaming_frame,light_background,0.7,same_core,221492.302441544,10163.701620558573
streaming_frame,light_background,0.7,same_llc,221492.302441544,7114.591134391003
streaming_frame,light_background,0.7,same_numa,221492.302441544,4065.4806482234326
streaming_frame,light_background,0.7,cross_numa,221492.302441544,2032.7403241117154
streaming_frame,light_background,0.7,cross_socket,221492.302441544,1016.3701620558586
streaming_frame,light_background,0.9,same_core,221492.302441544,13741.219282233642
streaming_frame,light_background,0.9,same_llc,221492.302441544,9618.853497563547
streaming_frame,light_background,0.9,same_numa,221492.302441544,5496.487712893459
streaming_frame,light_background,0.9,cross_numa,221492.302441544,2748.2438564467284
streaming_frame,light_background,0.9,cross_socket,221492.302441544,1374.1219282233633
